[{"provinceName": "\u9999\u6e2f", "provinceShortName": "\u9999\u6e2f", "currentConfirmedCount": 524, "confirmedCount": 4710, "suspectedCount": 118, "curedCount": 4108, "deadCount": 78, "comment": "\u7591\u4f3c 1 \u4f8b", "locationId": 810000, "statisticsData": "https://file1.dxycdn.com/2020/0223/331/3398299755968040033-135.json", "cities": []}, {"provinceName": "\u65b0\u7586\u7ef4\u543e\u5c14\u81ea\u6cbb\u533a", "provinceShortName": "\u65b0\u7586", "currentConfirmedCount": 124, "confirmedCount": 902, "suspectedCount": 0, "curedCount": 775, "deadCount": 3, "comment": "", "locationId": 650000, "statisticsData": "https://file1.dxycdn.com/2020/0223/497/3398299753820556085-135.json", "cities": [{"cityName": "\u4e4c\u9c81\u6728\u9f50", "currentConfirmedCount": 124, "confirmedCount": 845, "suspectedCount": 0, "curedCount": 721, "deadCount": 0, "locationId": 650100}, {"cityName": "\u4f0a\u7281\u5dde", "currentConfirmedCount": 0, "confirmedCount": 18, "suspectedCount": 0, "curedCount": 18, "deadCount": 0, "locationId": 654000}, {"cityName": "\u5175\u56e2\u7b2c\u56db\u5e08", "currentConfirmedCount": 0, "confirmedCount": 10, "suspectedCount": 0, "curedCount": 9, "deadCount": 1, "locationId": 0}, {"cityName": "\u660c\u5409\u5dde", "currentConfirmedCount": 0, "confirmedCount": 5, "suspectedCount": 0, "curedCount": 5, "deadCount": 0, "locationId": 0}, {"cityName": "\u5175\u56e2\u7b2c\u516b\u5e08\u77f3\u6cb3\u5b50\u5e02", "currentConfirmedCount": 0, "confirmedCount": 4, "suspectedCount": 0, "curedCount": 3, "deadCount": 1, "locationId": 0}, {"cityName": "\u5175\u56e2\u7b2c\u4e5d\u5e08", "currentConfirmedCount": 0, "confirmedCount": 4, "suspectedCount": 0, "curedCount": 3, "deadCount": 1, "locationId": 0}, {"cityName": "\u5410\u9c81\u756a\u5e02", "currentConfirmedCount": 0, "confirmedCount": 3, "suspectedCount": 0, "curedCount": 3, "deadCount": 0, "locationId": 650400}, {"cityName": "\u5df4\u5dde", "currentConfirmedCount": 0, "confirmedCount": 3, "suspectedCount": 0, "curedCount": 3, "deadCount": 0, "locationId": 511902}, {"cityName": "\u5175\u56e2\u7b2c\u5341\u4e8c\u5e08", "currentConfirmedCount": 0, "confirmedCount": 3, "suspectedCount": 0, "curedCount": 3, "deadCount": 0, "locationId": 0}, {"cityName": "\u5175\u56e2\u7b2c\u516d\u5e08\u4e94\u5bb6\u6e20\u5e02", "currentConfirmedCount": 0, "confirmedCount": 2, "suspectedCount": 0, "curedCount": 2, "deadCount": 0, "locationId": 0}, {"cityName": "\u5580\u4ec0\u5730\u533a", "currentConfirmedCount": 0, "confirmedCount": 2, "suspectedCount": 0, "curedCount": 2, "deadCount": 0, "locationId": 653100}, {"cityName": "\u5175\u56e2\u7b2c\u4e03\u5e08", "currentConfirmedCount": 0, "confirmedCount": 1, "suspectedCount": 0, "curedCount": 1, "deadCount": 0, "locationId": 0}, {"cityName": "\u963f\u514b\u82cf\u5730\u533a", "currentConfirmedCount": 0, "confirmedCount": 1, "suspectedCount": 0, "curedCount": 1, "deadCount": 0, "locationId": 652900}, {"cityName": "\u5f85\u660e\u786e\u5730\u533a", "currentConfirmedCount": 0, "confirmedCount": 1, "suspectedCount": 0, "curedCount": 1, "deadCount": 0, "locationId": 0}]}, {"provinceName": "\u4e0a\u6d77\u5e02", "provinceShortName": "\u4e0a\u6d77", "currentConfirmedCount": 74, "confirmedCount": 886, "suspectedCount": 393, "curedCount": 805, "deadCount": 7, "comment": "\u56e0\u672a\u516c\u5e03\u5206\u533a\u6b7b\u4ea1\u548c\u6cbb\u6108\uff0c\u4ec5\u5c55\u793a\u7d2f\u8ba1\u786e\u8bca\u548c\u73b0\u5b58\u786e\u8bca", "locationId": 310000, "statisticsData": "https://file1.dxycdn.com/2020/0223/128/3398299755968454977-135.json", "cities": [{"cityName": "\u5883\u5916\u8f93\u5165", "currentConfirmedCount": 74, "confirmedCount": 544, "suspectedCount": 4, "curedCount": 470, "deadCount": 0, "locationId": 0}, {"cityName": "\u5916\u5730\u6765\u6caa", "currentConfirmedCount": 0, "confirmedCount": 113, "suspectedCount": 0, "curedCount": 112, "deadCount": 1, "locationId": 0}, {"cityName": "\u6d66\u4e1c\u65b0\u533a", "currentConfirmedCount": 0, "confirmedCount": 61, "suspectedCount": 0, "curedCount": 60, "deadCount": 1, "locationId": 310115}, {"cityName": "\u5b9d\u5c71\u533a", "currentConfirmedCount": 0, "confirmedCount": 22, "suspectedCount": 0, "curedCount": 21, "deadCount": 1, "locationId": 310113}, {"cityName": "\u95f5\u884c\u533a", "currentConfirmedCount": 0, "confirmedCount": 19, "suspectedCount": 0, "curedCount": 19, "deadCount": 0, "locationId": 310112}, {"cityName": "\u5f90\u6c47\u533a", "currentConfirmedCount": 0, "confirmedCount": 18, "suspectedCount": 0, "curedCount": 17, "deadCount": 1, "locationId": 310104}, {"cityName": "\u9759\u5b89\u533a", "currentConfirmedCount": 0, "confirmedCount": 16, "suspectedCount": 0, "curedCount": 15, "deadCount": 1, "locationId": 310106}, {"cityName": "\u677e\u6c5f\u533a", "currentConfirmedCount": 0, "confirmedCount": 14, "suspectedCount": 0, "curedCount": 14, "deadCount": 0, "locationId": 310117}, {"cityName": "\u957f\u5b81\u533a", "currentConfirmedCount": 0, "confirmedCount": 13, "suspectedCount": 0, "curedCount": 13, "deadCount": 0, "locationId": 310105}, {"cityName": "\u666e\u9640\u533a", "currentConfirmedCount": 0, "confirmedCount": 11, "suspectedCount": 0, "curedCount": 11, "deadCount": 0, "locationId": 310107}, {"cityName": "\u6768\u6d66\u533a", "currentConfirmedCount": 0, "confirmedCount": 9, "suspectedCount": 0, "curedCount": 9, "deadCount": 0, "locationId": 310110}, {"cityName": "\u5609\u5b9a\u533a", "currentConfirmedCount": 0, "confirmedCount": 9, "suspectedCount": 0, "curedCount": 7, "deadCount": 2, "locationId": 310114}, {"cityName": "\u5949\u8d24\u533a", "currentConfirmedCount": 0, "confirmedCount": 9, "suspectedCount": 0, "curedCount": 9, "deadCount": 0, "locationId": 310120}, {"cityName": "\u8679\u53e3\u533a", "currentConfirmedCount": 0, "confirmedCount": 7, "suspectedCount": 0, "curedCount": 7, "deadCount": 0, "locationId": 310109}, {"cityName": "\u9ec4\u6d66\u533a", "currentConfirmedCount": 0, "confirmedCount": 6, "suspectedCount": 0, "curedCount": 6, "deadCount": 0, "locationId": 310101}, {"cityName": "\u9752\u6d66\u533a", "currentConfirmedCount": 0, "confirmedCount": 6, "suspectedCount": 0, "curedCount": 6, "deadCount": 0, "locationId": 310118}, {"cityName": "\u91d1\u5c71\u533a", "currentConfirmedCount": 0, "confirmedCount": 4, "suspectedCount": 0, "curedCount": 4, "deadCount": 0, "locationId": 310116}, {"cityName": "\u5d07\u660e\u533a", "currentConfirmedCount": 0, "confirmedCount": 4, "suspectedCount": 0, "curedCount": 4, "deadCount": 0, "locationId": 310151}, {"cityName": "\u5883\u5916\u6765\u6caa", "currentConfirmedCount": 0, "confirmedCount": 1, "suspectedCount": 0, "curedCount": 1, "deadCount": 0, "locationId": 0}]}, {"provinceName": "\u5c71\u4e1c\u7701", "provinceShortName": "\u5c71\u4e1c", "currentConfirmedCount": 23, "confirmedCount": 831, "suspectedCount": 14, "curedCount": 801, "deadCount": 7, "comment": "", "locationId": 370000, "statisticsData": "https://file1.dxycdn.com/2020/0223/601/3398299749526003726-135.json", "cities": [{"cityName": "\u5883\u5916\u8f93\u5165", "currentConfirmedCount": 23, "confirmedCount": 68, "suspectedCount": 14, "curedCount": 45, "deadCount": 0, "locationId": 0}, {"cityName": "\u6d4e\u5b81", "currentConfirmedCount": 0, "confirmedCount": 260, "suspectedCount": 0, "curedCount": 260, "deadCount": 0, "locationId": 370800}, {"cityName": "\u9752\u5c9b", "currentConfirmedCount": 0, "confirmedCount": 65, "suspectedCount": 0, "curedCount": 64, "deadCount": 1, "locationId": 370200}, {"cityName": "\u4e34\u6c82", "currentConfirmedCount": 0, "confirmedCount": 49, "suspectedCount": 0, "curedCount": 49, "deadCount": 0, "locationId": 371300}, {"cityName": "\u6d4e\u5357", "currentConfirmedCount": 0, "confirmedCount": 47, "suspectedCount": 0, "curedCount": 47, "deadCount": 0, "locationId": 370100}, {"cityName": "\u70df\u53f0", "currentConfirmedCount": 0, "confirmedCount": 47, "suspectedCount": 0, "curedCount": 47, "deadCount": 0, "locationId": 370600}, {"cityName": "\u6f4d\u574a", "currentConfirmedCount": 0, "confirmedCount": 44, "suspectedCount": 0, "curedCount": 44, "deadCount": 0, "locationId": 370700}, {"cityName": "\u5a01\u6d77", "currentConfirmedCount": 0, "confirmedCount": 38, "suspectedCount": 0, "curedCount": 37, "deadCount": 1, "locationId": 371000}, {"cityName": "\u804a\u57ce", "currentConfirmedCount": 0, "confirmedCount": 38, "suspectedCount": 0, "curedCount": 38, "deadCount": 0, "locationId": 371500}, {"cityName": "\u5fb7\u5dde", "currentConfirmedCount": 0, "confirmedCount": 37, "suspectedCount": 0, "curedCount": 35, "deadCount": 2, "locationId": 371400}, {"cityName": "\u6cf0\u5b89", "currentConfirmedCount": 0, "confirmedCount": 35, "suspectedCount": 0, "curedCount": 33, "deadCount": 2, "locationId": 370900}, {"cityName": "\u6dc4\u535a", "currentConfirmedCount": 0, "confirmedCount": 30, "suspectedCount": 0, "curedCount": 29, "deadCount": 1, "locationId": 370300}, {"cityName": "\u67a3\u5e84", "currentConfirmedCount": 0, "confirmedCount": 24, "suspectedCount": 0, "curedCount": 24, "deadCount": 0, "locationId": 370400}, {"cityName": "\u83cf\u6cfd", "currentConfirmedCount": 0, "confirmedCount": 18, "suspectedCount": 0, "curedCount": 18, "deadCount": 0, "locationId": 371700}, {"cityName": "\u65e5\u7167", "currentConfirmedCount": 0, "confirmedCount": 16, "suspectedCount": 0, "curedCount": 16, "deadCount": 0, "locationId": 371100}, {"cityName": "\u6ee8\u5dde", "currentConfirmedCount": 0, "confirmedCount": 15, "suspectedCount": 0, "curedCount": 15, "deadCount": 0, "locationId": 371600}]}, {"provinceName": "\u53f0\u6e7e", "provinceShortName": "\u53f0\u6e7e", "currentConfirmedCount": 23, "confirmedCount": 487, "suspectedCount": 371, "curedCount": 457, "deadCount": 7, "comment": "", "locationId": 710000, "statisticsData": "https://file1.dxycdn.com/2020/0223/045/3398299749526003760-135.json", "cities": []}, {"provinceName": "\u5e7f\u4e1c\u7701", "provinceShortName": "\u5e7f\u4e1c", "currentConfirmedCount": 22, "confirmedCount": 1734, "suspectedCount": 14, "curedCount": 1704, "deadCount": 8, "comment": "", "locationId": 440000, "statisticsData": "https://file1.dxycdn.com/2020/0223/281/3398299758115524068-135.json", "cities": [{"cityName": "\u5e7f\u5dde", "currentConfirmedCount": 15, "confirmedCount": 638, "suspectedCount": 9, "curedCount": 622, "deadCount": 1, "locationId": 440100}, {"cityName": "\u6df1\u5733", "currentConfirmedCount": 3, "confirmedCount": 465, "suspectedCount": 1, "curedCount": 459, "deadCount": 3, "locationId": 440300}, {"cityName": "\u73e0\u6d77", "currentConfirmedCount": 3, "confirmedCount": 110, "suspectedCount": 1, "curedCount": 106, "deadCount": 1, "locationId": 440400}, {"cityName": "\u6c55\u5c3e", "currentConfirmedCount": 1, "confirmedCount": 6, "suspectedCount": 0, "curedCount": 5, "deadCount": 0, "locationId": 441500}, {"cityName": "\u4e1c\u839e", "currentConfirmedCount": 0, "confirmedCount": 100, "suspectedCount": 0, "curedCount": 99, "deadCount": 1, "locationId": 441900}, {"cityName": "\u4f5b\u5c71", "currentConfirmedCount": 0, "confirmedCount": 100, "suspectedCount": 1, "curedCount": 100, "deadCount": 0, "locationId": 440600}, {"cityName": "\u4e2d\u5c71", "currentConfirmedCount": 0, "confirmedCount": 69, "suspectedCount": 0, "curedCount": 69, "deadCount": 0, "locationId": 442000}, {"cityName": "\u60e0\u5dde", "currentConfirmedCount": 0, "confirmedCount": 62, "suspectedCount": 0, "curedCount": 62, "deadCount": 0, "locationId": 441300}, {"cityName": "\u6c55\u5934", "currentConfirmedCount": 0, "confirmedCount": 26, "suspectedCount": 0, "curedCount": 26, "deadCount": 0, "locationId": 440500}, {"cityName": "\u6c5f\u95e8", "currentConfirmedCount": 0, "confirmedCount": 24, "suspectedCount": 0, "curedCount": 24, "deadCount": 0, "locationId": 440700}, {"cityName": "\u6e5b\u6c5f", "currentConfirmedCount": 0, "confirmedCount": 24, "suspectedCount": 2, "curedCount": 24, "deadCount": 0, "locationId": 440800}, {"cityName": "\u8087\u5e86", "currentConfirmedCount": 0, "confirmedCount": 20, "suspectedCount": 0, "curedCount": 19, "deadCount": 1, "locationId": 441200}, {"cityName": "\u6885\u5dde", "currentConfirmedCount": 0, "confirmedCount": 17, "suspectedCount": 0, "curedCount": 17, "deadCount": 0, "locationId": 441400}, {"cityName": "\u9633\u6c5f", "currentConfirmedCount": 0, "confirmedCount": 14, "suspectedCount": 0, "curedCount": 14, "deadCount": 0, "locationId": 441700}, {"cityName": "\u8302\u540d", "currentConfirmedCount": 0, "confirmedCount": 14, "suspectedCount": 0, "curedCount": 14, "deadCount": 0, "locationId": 440900}, {"cityName": "\u6e05\u8fdc", "currentConfirmedCount": 0, "confirmedCount": 12, "suspectedCount": 0, "curedCount": 12, "deadCount": 0, "locationId": 441800}, {"cityName": "\u63ed\u9633", "currentConfirmedCount": 0, "confirmedCount": 11, "suspectedCount": 0, "curedCount": 11, "deadCount": 0, "locationId": 445200}, {"cityName": "\u97f6\u5173", "currentConfirmedCount": 0, "confirmedCount": 10, "suspectedCount": 0, "curedCount": 9, "deadCount": 1, "locationId": 440200}, {"cityName": "\u6f6e\u5dde", "currentConfirmedCount": 0, "confirmedCount": 7, "suspectedCount": 0, "curedCount": 7, "deadCount": 0, "locationId": 445100}, {"cityName": "\u6cb3\u6e90", "currentConfirmedCount": 0, "confirmedCount": 5, "suspectedCount": 0, "curedCount": 5, "deadCount": 0, "locationId": 441600}]}, {"provinceName": "\u56db\u5ddd\u7701", "provinceShortName": "\u56db\u5ddd", "currentConfirmedCount": 20, "confirmedCount": 640, "suspectedCount": 14, "curedCount": 617, "deadCount": 3, "comment": "\u6210\u90fd\u5e02\u5305\u542b\u6240\u6709\u5883\u5916\u8f93\u5165\u75c5\u4f8b 16\u4f8b", "locationId": 510000, "statisticsData": "https://file1.dxycdn.com/2020/0223/926/3398299755968455035-135.json", "cities": [{"cityName": "\u6210\u90fd", "currentConfirmedCount": 19, "confirmedCount": 243, "suspectedCount": 13, "curedCount": 221, "deadCount": 3, "locationId": 510100}, {"cityName": "\u51c9\u5c71\u5dde", "currentConfirmedCount": 1, "confirmedCount": 14, "suspectedCount": 1, "curedCount": 13, "deadCount": 0, "locationId": 513400}, {"cityName": "\u7518\u5b5c\u5dde", "currentConfirmedCount": 0, "confirmedCount": 78, "suspectedCount": 0, "curedCount": 78, "deadCount": 0, "locationId": 513300}, {"cityName": "\u8fbe\u5dde", "currentConfirmedCount": 0, "confirmedCount": 42, "suspectedCount": 0, "curedCount": 42, "deadCount": 0, "locationId": 511700}, {"cityName": "\u5357\u5145", "currentConfirmedCount": 0, "confirmedCount": 39, "suspectedCount": 0, "curedCount": 39, "deadCount": 0, "locationId": 511300}, {"cityName": "\u5e7f\u5b89", "currentConfirmedCount": 0, "confirmedCount": 30, "suspectedCount": 0, "curedCount": 30, "deadCount": 0, "locationId": 511600}, {"cityName": "\u6cf8\u5dde", "currentConfirmedCount": 0, "confirmedCount": 24, "suspectedCount": 0, "curedCount": 24, "deadCount": 0, "locationId": 510500}, {"cityName": "\u5df4\u4e2d", "currentConfirmedCount": 0, "confirmedCount": 24, "suspectedCount": 0, "curedCount": 24, "deadCount": 0, "locationId": 511900}, {"cityName": "\u7ef5\u9633", "currentConfirmedCount": 0, "confirmedCount": 22, "suspectedCount": 0, "curedCount": 22, "deadCount": 0, "locationId": 510700}, {"cityName": "\u5185\u6c5f", "currentConfirmedCount": 0, "confirmedCount": 22, "suspectedCount": 0, "curedCount": 22, "deadCount": 0, "locationId": 511000}, {"cityName": "\u5fb7\u9633", "currentConfirmedCount": 0, "confirmedCount": 18, "suspectedCount": 0, "curedCount": 18, "deadCount": 0, "locationId": 510600}, {"cityName": "\u9042\u5b81", "currentConfirmedCount": 0, "confirmedCount": 17, "suspectedCount": 0, "curedCount": 17, "deadCount": 0, "locationId": 510900}, {"cityName": "\u6500\u679d\u82b1", "currentConfirmedCount": 0, "confirmedCount": 16, "suspectedCount": 0, "curedCount": 16, "deadCount": 0, "locationId": 510400}, {"cityName": "\u5b9c\u5bbe", "currentConfirmedCount": 0, "confirmedCount": 12, "suspectedCount": 0, "curedCount": 12, "deadCount": 0, "locationId": 511500}, {"cityName": "\u81ea\u8d21", "currentConfirmedCount": 0, "confirmedCount": 9, "suspectedCount": 0, "curedCount": 9, "deadCount": 0, "locationId": 510300}, {"cityName": "\u7709\u5c71", "currentConfirmedCount": 0, "confirmedCount": 8, "suspectedCount": 0, "curedCount": 8, "deadCount": 0, "locationId": 511400}, {"cityName": "\u96c5\u5b89", "currentConfirmedCount": 0, "confirmedCount": 8, "suspectedCount": 0, "curedCount": 8, "deadCount": 0, "locationId": 511800}, {"cityName": "\u5e7f\u5143", "currentConfirmedCount": 0, "confirmedCount": 6, "suspectedCount": 0, "curedCount": 6, "deadCount": 0, "locationId": 510800}, {"cityName": "\u8d44\u9633", "currentConfirmedCount": 0, "confirmedCount": 4, "suspectedCount": 0, "curedCount": 4, "deadCount": 0, "locationId": 512000}, {"cityName": "\u4e50\u5c71", "currentConfirmedCount": 0, "confirmedCount": 3, "suspectedCount": 0, "curedCount": 3, "deadCount": 0, "locationId": 511100}, {"cityName": "\u963f\u575d\u5dde", "currentConfirmedCount": 0, "confirmedCount": 1, "suspectedCount": 0, "curedCount": 1, "deadCount": 0, "locationId": 513200}]}, {"provinceName": "\u5929\u6d25\u5e02", "provinceShortName": "\u5929\u6d25", "currentConfirmedCount": 14, "confirmedCount": 220, "suspectedCount": 49, "curedCount": 203, "deadCount": 3, "comment": "", "locationId": 120000, "statisticsData": "https://file1.dxycdn.com/2020/0223/669/3398299753820555949-135.json", "cities": [{"cityName": "\u5883\u5916\u8f93\u5165", "currentConfirmedCount": 14, "confirmedCount": 83, "suspectedCount": 0, "curedCount": 69, "deadCount": 0, "locationId": 0}, {"cityName": "\u5b9d\u577b\u533a", "currentConfirmedCount": 0, "confirmedCount": 60, "suspectedCount": 0, "curedCount": 58, "deadCount": 2, "locationId": 120115}, {"cityName": "\u6cb3\u4e1c\u533a", "currentConfirmedCount": 0, "confirmedCount": 15, "suspectedCount": 0, "curedCount": 14, "deadCount": 1, "locationId": 120102}, {"cityName": "\u6cb3\u5317\u533a", "currentConfirmedCount": 0, "confirmedCount": 12, "suspectedCount": 0, "curedCount": 12, "deadCount": 0, "locationId": 120105}, {"cityName": "\u5317\u8fb0\u533a", "currentConfirmedCount": 0, "confirmedCount": 7, "suspectedCount": 0, "curedCount": 7, "deadCount": 0, "locationId": 120113}, {"cityName": "\u5357\u5f00\u533a", "currentConfirmedCount": 0, "confirmedCount": 6, "suspectedCount": 0, "curedCount": 6, "deadCount": 0, "locationId": 120104}, {"cityName": "\u548c\u5e73\u533a", "currentConfirmedCount": 0, "confirmedCount": 6, "suspectedCount": 0, "curedCount": 6, "deadCount": 0, "locationId": 120101}, {"cityName": "\u5916\u5730\u6765\u6d25", "currentConfirmedCount": 0, "confirmedCount": 6, "suspectedCount": 0, "curedCount": 6, "deadCount": 0, "locationId": -1}, {"cityName": "\u4e1c\u4e3d\u533a", "currentConfirmedCount": 0, "confirmedCount": 4, "suspectedCount": 0, "curedCount": 4, "deadCount": 0, "locationId": 120110}, {"cityName": "\u5b81\u6cb3\u533a", "currentConfirmedCount": 0, "confirmedCount": 4, "suspectedCount": 0, "curedCount": 4, "deadCount": 0, "locationId": 120117}, {"cityName": "\u6cb3\u897f\u533a", "currentConfirmedCount": 0, "confirmedCount": 4, "suspectedCount": 0, "curedCount": 4, "deadCount": 0, "locationId": 120103}, {"cityName": "\u897f\u9752\u533a", "currentConfirmedCount": 0, "confirmedCount": 4, "suspectedCount": 0, "curedCount": 4, "deadCount": 0, "locationId": 120111}, {"cityName": "\u6ee8\u6d77\u65b0\u533a", "currentConfirmedCount": 0, "confirmedCount": 3, "suspectedCount": 0, "curedCount": 3, "deadCount": 0, "locationId": 120116}, {"cityName": "\u6b66\u6e05\u533a", "currentConfirmedCount": 0, "confirmedCount": 2, "suspectedCount": 0, "curedCount": 2, "deadCount": 0, "locationId": 120114}, {"cityName": "\u7ea2\u6865\u533a", "currentConfirmedCount": 0, "confirmedCount": 2, "suspectedCount": 0, "curedCount": 2, "deadCount": 0, "locationId": 120106}, {"cityName": "\u6d25\u5357\u533a", "currentConfirmedCount": 0, "confirmedCount": 2, "suspectedCount": 0, "curedCount": 2, "deadCount": 0, "locationId": 120112}]}, {"provinceName": "\u9655\u897f\u7701", "provinceShortName": "\u9655\u897f", "currentConfirmedCount": 12, "confirmedCount": 364, "suspectedCount": 1, "curedCount": 349, "deadCount": 3, "comment": "", "locationId": 610000, "statisticsData": "https://file1.dxycdn.com/2020/0223/857/3398299753820971228-135.json", "cities": [{"cityName": "\u5883\u5916\u8f93\u5165", "currentConfirmedCount": 12, "confirmedCount": 119, "suspectedCount": 0, "curedCount": 107, "deadCount": 0, "locationId": 0}, {"cityName": "\u897f\u5b89", "currentConfirmedCount": 0, "confirmedCount": 120, "suspectedCount": 0, "curedCount": 117, "deadCount": 3, "locationId": 610100}, {"cityName": "\u5b89\u5eb7", "currentConfirmedCount": 0, "confirmedCount": 26, "suspectedCount": 0, "curedCount": 26, "deadCount": 0, "locationId": 610900}, {"cityName": "\u6c49\u4e2d", "currentConfirmedCount": 0, "confirmedCount": 26, "suspectedCount": 0, "curedCount": 26, "deadCount": 0, "locationId": 610700}, {"cityName": "\u54b8\u9633", "currentConfirmedCount": 0, "confirmedCount": 17, "suspectedCount": 0, "curedCount": 17, "deadCount": 0, "locationId": 610400}, {"cityName": "\u6e2d\u5357", "currentConfirmedCount": 0, "confirmedCount": 15, "suspectedCount": 0, "curedCount": 15, "deadCount": 0, "locationId": 610500}, {"cityName": "\u5b9d\u9e21", "currentConfirmedCount": 0, "confirmedCount": 13, "suspectedCount": 0, "curedCount": 13, "deadCount": 0, "locationId": 610300}, {"cityName": "\u5ef6\u5b89", "currentConfirmedCount": 0, "confirmedCount": 8, "suspectedCount": 0, "curedCount": 8, "deadCount": 0, "locationId": 610600}, {"cityName": "\u94dc\u5ddd", "currentConfirmedCount": 0, "confirmedCount": 8, "suspectedCount": 0, "curedCount": 8, "deadCount": 0, "locationId": 610200}, {"cityName": "\u5546\u6d1b", "currentConfirmedCount": 0, "confirmedCount": 7, "suspectedCount": 0, "curedCount": 7, "deadCount": 0, "locationId": 611000}, {"cityName": "\u6986\u6797", "currentConfirmedCount": 0, "confirmedCount": 3, "suspectedCount": 0, "curedCount": 3, "deadCount": 0, "locationId": 610800}, {"cityName": "\u97e9\u57ce", "currentConfirmedCount": 0, "confirmedCount": 1, "suspectedCount": 0, "curedCount": 1, "deadCount": 0, "locationId": 610581}, {"cityName": "\u6768\u51cc", "currentConfirmedCount": 0, "confirmedCount": 1, "suspectedCount": 0, "curedCount": 1, "deadCount": 0, "locationId": 0}]}, {"provinceName": "\u6cb3\u5317\u7701", "provinceShortName": "\u6cb3\u5317", "currentConfirmedCount": 11, "confirmedCount": 360, "suspectedCount": 0, "curedCount": 343, "deadCount": 6, "comment": "", "locationId": 130000, "statisticsData": "https://file1.dxycdn.com/2020/0223/473/3398299751673487477-135.json", "cities": [{"cityName": "\u5883\u5916\u8f93\u5165", "currentConfirmedCount": 11, "confirmedCount": 21, "suspectedCount": 0, "curedCount": 10, "deadCount": 0, "locationId": 0}, {"cityName": "\u5510\u5c71", "currentConfirmedCount": 0, "confirmedCount": 58, "suspectedCount": 0, "curedCount": 57, "deadCount": 1, "locationId": 130200}, {"cityName": "\u6ca7\u5dde", "currentConfirmedCount": 0, "confirmedCount": 49, "suspectedCount": 0, "curedCount": 46, "deadCount": 3, "locationId": 130900}, {"cityName": "\u4fdd\u5b9a", "currentConfirmedCount": 0, "confirmedCount": 48, "suspectedCount": 0, "curedCount": 48, "deadCount": 0, "locationId": 130600}, {"cityName": "\u5f20\u5bb6\u53e3", "currentConfirmedCount": 0, "confirmedCount": 43, "suspectedCount": 0, "curedCount": 43, "deadCount": 0, "locationId": 130700}, {"cityName": "\u90af\u90f8", "currentConfirmedCount": 0, "confirmedCount": 32, "suspectedCount": 0, "curedCount": 32, "deadCount": 0, "locationId": 130400}, {"cityName": "\u5eca\u574a", "currentConfirmedCount": 0, "confirmedCount": 32, "suspectedCount": 0, "curedCount": 32, "deadCount": 0, "locationId": 131000}, {"cityName": "\u77f3\u5bb6\u5e84", "currentConfirmedCount": 0, "confirmedCount": 29, "suspectedCount": 0, "curedCount": 29, "deadCount": 0, "locationId": 130100}, {"cityName": "\u90a2\u53f0", "currentConfirmedCount": 0, "confirmedCount": 23, "suspectedCount": 0, "curedCount": 22, "deadCount": 1, "locationId": 130500}, {"cityName": "\u79e6\u7687\u5c9b", "currentConfirmedCount": 0, "confirmedCount": 10, "suspectedCount": 0, "curedCount": 9, "deadCount": 1, "locationId": 130300}, {"cityName": "\u8861\u6c34", "currentConfirmedCount": 0, "confirmedCount": 8, "suspectedCount": 0, "curedCount": 8, "deadCount": 0, "locationId": 131100}, {"cityName": "\u627f\u5fb7", "currentConfirmedCount": 0, "confirmedCount": 7, "suspectedCount": 0, "curedCount": 7, "deadCount": 0, "locationId": 130800}]}, {"provinceName": "\u6c5f\u82cf\u7701", "provinceShortName": "\u6c5f\u82cf", "currentConfirmedCount": 9, "confirmedCount": 665, "suspectedCount": 3, "curedCount": 656, "deadCount": 0, "comment": "", "locationId": 320000, "statisticsData": "https://file1.dxycdn.com/2020/0223/111/3398299753820971290-135.json", "cities": [{"cityName": "\u5883\u5916\u8f93\u5165", "currentConfirmedCount": 9, "confirmedCount": 34, "suspectedCount": 0, "curedCount": 25, "deadCount": 0, "locationId": 0}, {"cityName": "\u5357\u4eac", "currentConfirmedCount": 0, "confirmedCount": 93, "suspectedCount": 0, "curedCount": 93, "deadCount": 0, "locationId": 320100}, {"cityName": "\u82cf\u5dde", "currentConfirmedCount": 0, "confirmedCount": 87, "suspectedCount": 0, "curedCount": 87, "deadCount": 0, "locationId": 320500}, {"cityName": "\u5f90\u5dde", "currentConfirmedCount": 0, "confirmedCount": 79, "suspectedCount": 0, "curedCount": 79, "deadCount": 0, "locationId": 320300}, {"cityName": "\u6dee\u5b89", "currentConfirmedCount": 0, "confirmedCount": 66, "suspectedCount": 0, "curedCount": 66, "deadCount": 0, "locationId": 320800}, {"cityName": "\u65e0\u9521", "currentConfirmedCount": 0, "confirmedCount": 55, "suspectedCount": 0, "curedCount": 55, "deadCount": 0, "locationId": 320200}, {"cityName": "\u5e38\u5dde", "currentConfirmedCount": 0, "confirmedCount": 51, "suspectedCount": 0, "curedCount": 51, "deadCount": 0, "locationId": 320400}, {"cityName": "\u8fde\u4e91\u6e2f", "currentConfirmedCount": 0, "confirmedCount": 48, "suspectedCount": 0, "curedCount": 48, "deadCount": 0, "locationId": 320700}, {"cityName": "\u5357\u901a", "currentConfirmedCount": 0, "confirmedCount": 40, "suspectedCount": 0, "curedCount": 40, "deadCount": 0, "locationId": 320600}, {"cityName": "\u6cf0\u5dde", "currentConfirmedCount": 0, "confirmedCount": 37, "suspectedCount": 0, "curedCount": 37, "deadCount": 0, "locationId": 321200}, {"cityName": "\u76d0\u57ce", "currentConfirmedCount": 0, "confirmedCount": 27, "suspectedCount": 0, "curedCount": 27, "deadCount": 0, "locationId": 320900}, {"cityName": "\u626c\u5dde", "currentConfirmedCount": 0, "confirmedCount": 23, "suspectedCount": 0, "curedCount": 23, "deadCount": 0, "locationId": 321000}, {"cityName": "\u5bbf\u8fc1", "currentConfirmedCount": 0, "confirmedCount": 13, "suspectedCount": 0, "curedCount": 13, "deadCount": 0, "locationId": 321300}, {"cityName": "\u9547\u6c5f", "currentConfirmedCount": 0, "confirmedCount": 12, "suspectedCount": 0, "curedCount": 12, "deadCount": 0, "locationId": 321100}]}, {"provinceName": "\u798f\u5efa\u7701", "provinceShortName": "\u798f\u5efa", "currentConfirmedCount": 9, "confirmedCount": 375, "suspectedCount": 3, "curedCount": 365, "deadCount": 1, "comment": "", "locationId": 350000, "statisticsData": "https://file1.dxycdn.com/2020/0223/744/3398299751673071813-135.json", "cities": [{"cityName": "\u5883\u5916\u8f93\u5165\u4eba\u5458", "currentConfirmedCount": 9, "confirmedCount": 79, "suspectedCount": 1, "curedCount": 70, "deadCount": 0, "locationId": 0}, {"cityName": "\u798f\u5dde", "currentConfirmedCount": 0, "confirmedCount": 72, "suspectedCount": 0, "curedCount": 71, "deadCount": 1, "locationId": 350100}, {"cityName": "\u8386\u7530", "currentConfirmedCount": 0, "confirmedCount": 56, "suspectedCount": 0, "curedCount": 56, "deadCount": 0, "locationId": 350300}, {"cityName": "\u6cc9\u5dde", "currentConfirmedCount": 0, "confirmedCount": 47, "suspectedCount": 0, "curedCount": 47, "deadCount": 0, "locationId": 350500}, {"cityName": "\u53a6\u95e8", "currentConfirmedCount": 0, "confirmedCount": 35, "suspectedCount": 0, "curedCount": 35, "deadCount": 0, "locationId": 350200}, {"cityName": "\u5b81\u5fb7", "currentConfirmedCount": 0, "confirmedCount": 26, "suspectedCount": 0, "curedCount": 26, "deadCount": 0, "locationId": 350900}, {"cityName": "\u6f33\u5dde", "currentConfirmedCount": 0, "confirmedCount": 20, "suspectedCount": 0, "curedCount": 20, "deadCount": 0, "locationId": 350600}, {"cityName": "\u5357\u5e73", "currentConfirmedCount": 0, "confirmedCount": 20, "suspectedCount": 0, "curedCount": 20, "deadCount": 0, "locationId": 350700}, {"cityName": "\u4e09\u660e", "currentConfirmedCount": 0, "confirmedCount": 14, "suspectedCount": 0, "curedCount": 14, "deadCount": 0, "locationId": 350400}, {"cityName": "\u9f99\u5ca9", "currentConfirmedCount": 0, "confirmedCount": 6, "suspectedCount": 0, "curedCount": 6, "deadCount": 0, "locationId": 350800}]}, {"provinceName": "\u6d59\u6c5f\u7701", "provinceShortName": "\u6d59\u6c5f", "currentConfirmedCount": 8, "confirmedCount": 1277, "suspectedCount": 3, "curedCount": 1268, "deadCount": 1, "comment": "2\u670810\u65e5\u901a\u62a5\u6838\u51cf\u768412\u4f8b\u5728\u6d59\u6c5f\u7701\u6cbb\u6108\u7684\u5916\u7701\u75c5\u4f8b\uff0c\u6839\u636e\u56fd\u5bb6\u6700\u65b0\u8981\u6c42\u91cd\u65b0\u7eb3\u5165\u7d2f\u8ba1\u75c5\u4f8b\u3002", "locationId": 330000, "statisticsData": "https://file1.dxycdn.com/2020/0223/537/3398299755968455045-135.json", "cities": [{"cityName": "\u5883\u5916\u8f93\u5165", "currentConfirmedCount": 8, "confirmedCount": 58, "suspectedCount": 2, "curedCount": 50, "deadCount": 0, "locationId": 0}, {"cityName": "\u6e29\u5dde", "currentConfirmedCount": 0, "confirmedCount": 504, "suspectedCount": 0, "curedCount": 503, "deadCount": 1, "locationId": 330300}, {"cityName": "\u676d\u5dde", "currentConfirmedCount": 0, "confirmedCount": 181, "suspectedCount": 0, "curedCount": 181, "deadCount": 0, "locationId": 330100}, {"cityName": "\u5b81\u6ce2", "currentConfirmedCount": 0, "confirmedCount": 157, "suspectedCount": 0, "curedCount": 157, "deadCount": 0, "locationId": 330200}, {"cityName": "\u53f0\u5dde", "currentConfirmedCount": 0, "confirmedCount": 147, "suspectedCount": 0, "curedCount": 147, "deadCount": 0, "locationId": 331000}, {"cityName": "\u91d1\u534e", "currentConfirmedCount": 0, "confirmedCount": 55, "suspectedCount": 0, "curedCount": 55, "deadCount": 0, "locationId": 330700}, {"cityName": "\u5609\u5174", "currentConfirmedCount": 0, "confirmedCount": 46, "suspectedCount": 0, "curedCount": 46, "deadCount": 0, "locationId": 330400}, {"cityName": "\u7ecd\u5174", "currentConfirmedCount": 0, "confirmedCount": 42, "suspectedCount": 0, "curedCount": 42, "deadCount": 0, "locationId": 330600}, {"cityName": "\u7701\u5341\u91cc\u4e30\u76d1\u72f1", "currentConfirmedCount": 0, "confirmedCount": 36, "suspectedCount": 0, "curedCount": 36, "deadCount": 0, "locationId": 0}, {"cityName": "\u4e3d\u6c34", "currentConfirmedCount": 0, "confirmedCount": 17, "suspectedCount": 0, "curedCount": 17, "deadCount": 0, "locationId": 331100}, {"cityName": "\u8862\u5dde", "currentConfirmedCount": 0, "confirmedCount": 14, "suspectedCount": 0, "curedCount": 14, "deadCount": 0, "locationId": 330800}, {"cityName": "\u6e56\u5dde", "currentConfirmedCount": 0, "confirmedCount": 10, "suspectedCount": 0, "curedCount": 10, "deadCount": 0, "locationId": 330500}, {"cityName": "\u821f\u5c71", "currentConfirmedCount": 0, "confirmedCount": 10, "suspectedCount": 0, "curedCount": 10, "deadCount": 0, "locationId": 330900}]}, {"provinceName": "\u4e91\u5357\u7701", "provinceShortName": "\u4e91\u5357", "currentConfirmedCount": 8, "confirmedCount": 199, "suspectedCount": 0, "curedCount": 189, "deadCount": 2, "comment": "", "locationId": 530000, "statisticsData": "https://file1.dxycdn.com/2020/0223/159/3398299758115523929-135.json", "cities": [{"cityName": "\u5883\u5916\u8f93\u5165", "currentConfirmedCount": 8, "confirmedCount": 25, "suspectedCount": 0, "curedCount": 17, "deadCount": 0, "locationId": 0}, {"cityName": "\u6606\u660e", "currentConfirmedCount": 0, "confirmedCount": 53, "suspectedCount": 0, "curedCount": 53, "deadCount": 0, "locationId": 530100}, {"cityName": "\u662d\u901a", "currentConfirmedCount": 0, "confirmedCount": 25, "suspectedCount": 0, "curedCount": 25, "deadCount": 0, "locationId": 530600}, {"cityName": "\u897f\u53cc\u7248\u7eb3", "currentConfirmedCount": 0, "confirmedCount": 15, "suspectedCount": 0, "curedCount": 14, "deadCount": 1, "locationId": 532800}, {"cityName": "\u7389\u6eaa", "currentConfirmedCount": 0, "confirmedCount": 14, "suspectedCount": 0, "curedCount": 13, "deadCount": 1, "locationId": 530400}, {"cityName": "\u66f2\u9756", "currentConfirmedCount": 0, "confirmedCount": 13, "suspectedCount": 0, "curedCount": 13, "deadCount": 0, "locationId": 530300}, {"cityName": "\u5927\u7406\u5dde", "currentConfirmedCount": 0, "confirmedCount": 13, "suspectedCount": 0, "curedCount": 13, "deadCount": 0, "locationId": 0}, {"cityName": "\u7ea2\u6cb3\u5dde", "currentConfirmedCount": 0, "confirmedCount": 9, "suspectedCount": 0, "curedCount": 9, "deadCount": 0, "locationId": 0}, {"cityName": "\u4fdd\u5c71", "currentConfirmedCount": 0, "confirmedCount": 9, "suspectedCount": 0, "curedCount": 9, "deadCount": 0, "locationId": 530500}, {"cityName": "\u4e3d\u6c5f", "currentConfirmedCount": 0, "confirmedCount": 7, "suspectedCount": 0, "curedCount": 7, "deadCount": 0, "locationId": 530700}, {"cityName": "\u5fb7\u5b8f\u5dde", "currentConfirmedCount": 0, "confirmedCount": 5, "suspectedCount": 0, "curedCount": 5, "deadCount": 0, "locationId": 0}, {"cityName": "\u666e\u6d31", "currentConfirmedCount": 0, "confirmedCount": 4, "suspectedCount": 0, "curedCount": 4, "deadCount": 0, "locationId": 530800}, {"cityName": "\u695a\u96c4\u5dde", "currentConfirmedCount": 0, "confirmedCount": 4, "suspectedCount": 0, "curedCount": 4, "deadCount": 0, "locationId": 0}, {"cityName": "\u6587\u5c71\u5dde", "currentConfirmedCount": 0, "confirmedCount": 2, "suspectedCount": 0, "curedCount": 2, "deadCount": 0, "locationId": 0}, {"cityName": "\u4e34\u6ca7", "currentConfirmedCount": 0, "confirmedCount": 1, "suspectedCount": 0, "curedCount": 1, "deadCount": 0, "locationId": 530900}]}, {"provinceName": "\u8fbd\u5b81\u7701", "provinceShortName": "\u8fbd\u5b81", "currentConfirmedCount": 6, "confirmedCount": 262, "suspectedCount": 0, "curedCount": 254, "deadCount": 2, "comment": "", "locationId": 210000, "statisticsData": "https://file1.dxycdn.com/2020/0223/815/3398299758115938736-135.json", "cities": [{"cityName": "\u5927\u8fde", "currentConfirmedCount": 4, "confirmedCount": 110, "suspectedCount": 0, "curedCount": 106, "deadCount": 0, "locationId": 210200}, {"cityName": "\u5883\u5916\u8f93\u5165", "currentConfirmedCount": 2, "confirmedCount": 38, "suspectedCount": 0, "curedCount": 36, "deadCount": 0, "locationId": 0}, {"cityName": "\u6c88\u9633", "currentConfirmedCount": 0, "confirmedCount": 34, "suspectedCount": 0, "curedCount": 34, "deadCount": 0, "locationId": 210100}, {"cityName": "\u9526\u5dde", "currentConfirmedCount": 0, "confirmedCount": 12, "suspectedCount": 0, "curedCount": 12, "deadCount": 0, "locationId": 210700}, {"cityName": "\u846b\u82a6\u5c9b", "currentConfirmedCount": 0, "confirmedCount": 12, "suspectedCount": 0, "curedCount": 11, "deadCount": 1, "locationId": 211400}, {"cityName": "\u4e39\u4e1c", "currentConfirmedCount": 0, "confirmedCount": 11, "suspectedCount": 0, "curedCount": 11, "deadCount": 0, "locationId": 210600}, {"cityName": "\u76d8\u9526", "currentConfirmedCount": 0, "confirmedCount": 11, "suspectedCount": 0, "curedCount": 11, "deadCount": 0, "locationId": 211100}, {"cityName": "\u961c\u65b0", "currentConfirmedCount": 0, "confirmedCount": 8, "suspectedCount": 0, "curedCount": 8, "deadCount": 0, "locationId": 210900}, {"cityName": "\u94c1\u5cad", "currentConfirmedCount": 0, "confirmedCount": 8, "suspectedCount": 0, "curedCount": 8, "deadCount": 0, "locationId": 211200}, {"cityName": "\u671d\u9633", "currentConfirmedCount": 0, "confirmedCount": 6, "suspectedCount": 0, "curedCount": 5, "deadCount": 1, "locationId": 211300}, {"cityName": "\u978d\u5c71", "currentConfirmedCount": 0, "confirmedCount": 4, "suspectedCount": 0, "curedCount": 4, "deadCount": 0, "locationId": 210300}, {"cityName": "\u672c\u6eaa", "currentConfirmedCount": 0, "confirmedCount": 3, "suspectedCount": 0, "curedCount": 3, "deadCount": 0, "locationId": 210500}, {"cityName": "\u8fbd\u9633", "currentConfirmedCount": 0, "confirmedCount": 3, "suspectedCount": 0, "curedCount": 3, "deadCount": 0, "locationId": 211000}, {"cityName": "\u8425\u53e3", "currentConfirmedCount": 0, "confirmedCount": 1, "suspectedCount": 0, "curedCount": 1, "deadCount": 0, "locationId": 210800}, {"cityName": "\u629a\u987a", "currentConfirmedCount": 0, "confirmedCount": 1, "suspectedCount": 0, "curedCount": 1, "deadCount": 0, "locationId": 210400}]}, {"provinceName": "\u6c5f\u897f\u7701", "provinceShortName": "\u6c5f\u897f", "currentConfirmedCount": 3, "confirmedCount": 935, "suspectedCount": 0, "curedCount": 931, "deadCount": 1, "comment": "", "locationId": 360000, "statisticsData": "https://file1.dxycdn.com/2020/0223/161/3398299751673072165-135.json", "cities": [{"cityName": "\u5883\u5916\u8f93\u5165", "currentConfirmedCount": 3, "confirmedCount": 5, "suspectedCount": 0, "curedCount": 2, "deadCount": 0, "locationId": 0}, {"cityName": "\u5357\u660c", "currentConfirmedCount": 0, "confirmedCount": 230, "suspectedCount": 0, "curedCount": 230, "deadCount": 0, "locationId": 360100}, {"cityName": "\u65b0\u4f59", "currentConfirmedCount": 0, "confirmedCount": 129, "suspectedCount": 0, "curedCount": 129, "deadCount": 0, "locationId": 360500}, {"cityName": "\u4e0a\u9976", "currentConfirmedCount": 0, "confirmedCount": 123, "suspectedCount": 0, "curedCount": 123, "deadCount": 0, "locationId": 361100}, {"cityName": "\u4e5d\u6c5f", "currentConfirmedCount": 0, "confirmedCount": 116, "suspectedCount": 0, "curedCount": 116, "deadCount": 0, "locationId": 360400}, {"cityName": "\u5b9c\u6625", "currentConfirmedCount": 0, "confirmedCount": 106, "suspectedCount": 0, "curedCount": 106, "deadCount": 0, "locationId": 360900}, {"cityName": "\u8d63\u5dde", "currentConfirmedCount": 0, "confirmedCount": 74, "suspectedCount": 0, "curedCount": 73, "deadCount": 1, "locationId": 360700}, {"cityName": "\u629a\u5dde", "currentConfirmedCount": 0, "confirmedCount": 72, "suspectedCount": 0, "curedCount": 72, "deadCount": 0, "locationId": 361000}, {"cityName": "\u840d\u4e61", "currentConfirmedCount": 0, "confirmedCount": 33, "suspectedCount": 0, "curedCount": 33, "deadCount": 0, "locationId": 360300}, {"cityName": "\u5409\u5b89", "currentConfirmedCount": 0, "confirmedCount": 22, "suspectedCount": 0, "curedCount": 22, "deadCount": 0, "locationId": 360800}, {"cityName": "\u9e70\u6f6d", "currentConfirmedCount": 0, "confirmedCount": 18, "suspectedCount": 0, "curedCount": 18, "deadCount": 0, "locationId": 360600}, {"cityName": "\u666f\u5fb7\u9547", "currentConfirmedCount": 0, "confirmedCount": 6, "suspectedCount": 0, "curedCount": 6, "deadCount": 0, "locationId": 360200}, {"cityName": "\u8d63\u6c5f\u65b0\u533a", "currentConfirmedCount": 0, "confirmedCount": 1, "suspectedCount": 0, "curedCount": 1, "deadCount": 0, "locationId": 0}]}, {"provinceName": "\u5185\u8499\u53e4\u81ea\u6cbb\u533a", "provinceShortName": "\u5185\u8499\u53e4", "currentConfirmedCount": 2, "confirmedCount": 260, "suspectedCount": 34, "curedCount": 257, "deadCount": 1, "comment": "", "locationId": 150000, "statisticsData": "https://file1.dxycdn.com/2020/0223/783/3398299758115938727-135.json", "cities": [{"cityName": "\u5883\u5916\u8f93\u5165\u4eba\u5458", "currentConfirmedCount": 2, "confirmedCount": 183, "suspectedCount": 34, "curedCount": 181, "deadCount": 0, "locationId": 0}, {"cityName": "\u9102\u5c14\u591a\u65af", "currentConfirmedCount": 0, "confirmedCount": 11, "suspectedCount": 0, "curedCount": 11, "deadCount": 0, "locationId": 150600}, {"cityName": "\u5305\u5934", "currentConfirmedCount": 0, "confirmedCount": 11, "suspectedCount": 0, "curedCount": 11, "deadCount": 0, "locationId": 150200}, {"cityName": "\u8d64\u5cf0", "currentConfirmedCount": 0, "confirmedCount": 9, "suspectedCount": 0, "curedCount": 9, "deadCount": 0, "locationId": 150400}, {"cityName": "\u9521\u6797\u90ed\u52d2\u76df", "currentConfirmedCount": 0, "confirmedCount": 9, "suspectedCount": 0, "curedCount": 9, "deadCount": 0, "locationId": 152500}, {"cityName": "\u547c\u4f26\u8d1d\u5c14", "currentConfirmedCount": 0, "confirmedCount": 9, "suspectedCount": 0, "curedCount": 9, "deadCount": 0, "locationId": 150700}, {"cityName": "\u5df4\u5f66\u6dd6\u5c14", "currentConfirmedCount": 0, "confirmedCount": 8, "suspectedCount": 0, "curedCount": 7, "deadCount": 1, "locationId": 150800}, {"cityName": "\u547c\u548c\u6d69\u7279", "currentConfirmedCount": 0, "confirmedCount": 7, "suspectedCount": 0, "curedCount": 7, "deadCount": 0, "locationId": 150100}, {"cityName": "\u901a\u8fbd", "currentConfirmedCount": 0, "confirmedCount": 7, "suspectedCount": 0, "curedCount": 7, "deadCount": 0, "locationId": 150500}, {"cityName": "\u4e4c\u5170\u5bdf\u5e03", "currentConfirmedCount": 0, "confirmedCount": 3, "suspectedCount": 0, "curedCount": 3, "deadCount": 0, "locationId": 150900}, {"cityName": "\u4e4c\u6d77\u5e02", "currentConfirmedCount": 0, "confirmedCount": 2, "suspectedCount": 0, "curedCount": 2, "deadCount": 0, "locationId": 150300}, {"cityName": "\u5174\u5b89\u76df", "currentConfirmedCount": 0, "confirmedCount": 1, "suspectedCount": 0, "curedCount": 1, "deadCount": 0, "locationId": 152200}]}, {"provinceName": "\u6e56\u5317\u7701", "provinceShortName": "\u6e56\u5317", "currentConfirmedCount": 1, "confirmedCount": 68139, "suspectedCount": 0, "curedCount": 63626, "deadCount": 4512, "comment": "4.17 \u6b66\u6c49\u5e02\u8ba2\u6b63\u6570\u636e\uff0c\u6b66\u6c49\u6b7b\u4ea1\u6838\u589e1290\uff0c\u786e\u8bca\u6838\u589e325\uff0c\u6cbb\u6108\u6838\u51cf965", "locationId": 420000, "statisticsData": "https://file1.dxycdn.com/2020/0223/618/3398299751673487511-135.json", "cities": [{"cityName": "\u6b66\u6c49", "currentConfirmedCount": 1, "confirmedCount": 50344, "suspectedCount": 0, "curedCount": 46474, "deadCount": 3869, "locationId": 420100}, {"cityName": "\u5b5d\u611f", "currentConfirmedCount": 0, "confirmedCount": 3518, "suspectedCount": 0, "curedCount": 3389, "deadCount": 129, "locationId": 420900}, {"cityName": "\u9ec4\u5188", "currentConfirmedCount": 0, "confirmedCount": 2907, "suspectedCount": 0, "curedCount": 2782, "deadCount": 125, "locationId": 421100}, {"cityName": "\u8346\u5dde", "currentConfirmedCount": 0, "confirmedCount": 1580, "suspectedCount": 0, "curedCount": 1528, "deadCount": 52, "locationId": 421000}, {"cityName": "\u9102\u5dde", "currentConfirmedCount": 0, "confirmedCount": 1394, "suspectedCount": 0, "curedCount": 1335, "deadCount": 59, "locationId": 420700}, {"cityName": "\u968f\u5dde", "currentConfirmedCount": 0, "confirmedCount": 1307, "suspectedCount": 0, "curedCount": 1262, "deadCount": 45, "locationId": 421300}, {"cityName": "\u8944\u9633", "currentConfirmedCount": 0, "confirmedCount": 1175, "suspectedCount": 0, "curedCount": 1135, "deadCount": 40, "locationId": 420600}, {"cityName": "\u9ec4\u77f3", "currentConfirmedCount": 0, "confirmedCount": 1015, "suspectedCount": 0, "curedCount": 976, "deadCount": 39, "locationId": 420200}, {"cityName": "\u5b9c\u660c", "currentConfirmedCount": 0, "confirmedCount": 931, "suspectedCount": 0, "curedCount": 894, "deadCount": 37, "locationId": 420500}, {"cityName": "\u8346\u95e8", "currentConfirmedCount": 0, "confirmedCount": 928, "suspectedCount": 0, "curedCount": 887, "deadCount": 41, "locationId": 420800}, {"cityName": "\u54b8\u5b81", "currentConfirmedCount": 0, "confirmedCount": 836, "suspectedCount": 0, "curedCount": 821, "deadCount": 15, "locationId": 421200}, {"cityName": "\u5341\u5830", "currentConfirmedCount": 0, "confirmedCount": 672, "suspectedCount": 0, "curedCount": 664, "deadCount": 8, "locationId": 420300}, {"cityName": "\u4ed9\u6843", "currentConfirmedCount": 0, "confirmedCount": 575, "suspectedCount": 0, "curedCount": 553, "deadCount": 22, "locationId": 429004}, {"cityName": "\u5929\u95e8", "currentConfirmedCount": 0, "confirmedCount": 496, "suspectedCount": 0, "curedCount": 481, "deadCount": 15, "locationId": 429006}, {"cityName": "\u6069\u65bd\u5dde", "currentConfirmedCount": 0, "confirmedCount": 252, "suspectedCount": 0, "curedCount": 245, "deadCount": 7, "locationId": 422800}, {"cityName": "\u6f5c\u6c5f", "currentConfirmedCount": 0, "confirmedCount": 198, "suspectedCount": 0, "curedCount": 189, "deadCount": 9, "locationId": 429005}, {"cityName": "\u795e\u519c\u67b6\u6797\u533a", "currentConfirmedCount": 0, "confirmedCount": 11, "suspectedCount": 0, "curedCount": 11, "deadCount": 0, "locationId": 429021}]}, {"provinceName": "\u9ed1\u9f99\u6c5f\u7701", "provinceShortName": "\u9ed1\u9f99\u6c5f", "currentConfirmedCount": 1, "confirmedCount": 948, "suspectedCount": 394, "curedCount": 934, "deadCount": 13, "comment": "", "locationId": 230000, "statisticsData": "https://file1.dxycdn.com/2020/0223/643/3398299753820971199-135.json", "cities": [{"cityName": "\u5883\u5916\u8f93\u5165", "currentConfirmedCount": 1, "confirmedCount": 387, "suspectedCount": 386, "curedCount": 386, "deadCount": 0, "locationId": 0}, {"cityName": "\u54c8\u5c14\u6ee8", "currentConfirmedCount": 0, "confirmedCount": 264, "suspectedCount": 8, "curedCount": 260, "deadCount": 4, "locationId": 230100}, {"cityName": "\u53cc\u9e2d\u5c71", "currentConfirmedCount": 0, "confirmedCount": 52, "suspectedCount": 0, "curedCount": 49, "deadCount": 3, "locationId": 230500}, {"cityName": "\u7ee5\u5316", "currentConfirmedCount": 0, "confirmedCount": 47, "suspectedCount": 0, "curedCount": 43, "deadCount": 4, "locationId": 231200}, {"cityName": "\u9e21\u897f", "currentConfirmedCount": 0, "confirmedCount": 46, "suspectedCount": 0, "curedCount": 46, "deadCount": 0, "locationId": 230300}, {"cityName": "\u9f50\u9f50\u54c8\u5c14", "currentConfirmedCount": 0, "confirmedCount": 43, "suspectedCount": 0, "curedCount": 42, "deadCount": 1, "locationId": 230200}, {"cityName": "\u5927\u5e86", "currentConfirmedCount": 0, "confirmedCount": 27, "suspectedCount": 0, "curedCount": 26, "deadCount": 1, "locationId": 230600}, {"cityName": "\u7261\u4e39\u6c5f", "currentConfirmedCount": 0, "confirmedCount": 25, "suspectedCount": 0, "curedCount": 25, "deadCount": 0, "locationId": 231000}, {"cityName": "\u4e03\u53f0\u6cb3", "currentConfirmedCount": 0, "confirmedCount": 17, "suspectedCount": 0, "curedCount": 17, "deadCount": 0, "locationId": 230900}, {"cityName": "\u4f73\u6728\u65af", "currentConfirmedCount": 0, "confirmedCount": 15, "suspectedCount": 0, "curedCount": 15, "deadCount": 0, "locationId": 230800}, {"cityName": "\u9ed1\u6cb3", "currentConfirmedCount": 0, "confirmedCount": 14, "suspectedCount": 0, "curedCount": 14, "deadCount": 0, "locationId": 231100}, {"cityName": "\u9e64\u5c97", "currentConfirmedCount": 0, "confirmedCount": 5, "suspectedCount": 0, "curedCount": 5, "deadCount": 0, "locationId": 230400}, {"cityName": "\u5927\u5174\u5b89\u5cad", "currentConfirmedCount": 0, "confirmedCount": 3, "suspectedCount": 0, "curedCount": 3, "deadCount": 0, "locationId": 232700}, {"cityName": "\u5f85\u660e\u786e", "currentConfirmedCount": 0, "confirmedCount": 2, "suspectedCount": 0, "curedCount": 2, "deadCount": 0, "locationId": 0}, {"cityName": "\u4f0a\u6625", "currentConfirmedCount": 0, "confirmedCount": 1, "suspectedCount": 0, "curedCount": 1, "deadCount": 0, "locationId": 230700}]}, {"provinceName": "\u5c71\u897f\u7701", "provinceShortName": "\u5c71\u897f", "currentConfirmedCount": 1, "confirmedCount": 202, "suspectedCount": 64, "curedCount": 201, "deadCount": 0, "comment": "", "locationId": 140000, "statisticsData": "https://file1.dxycdn.com/2020/0223/196/3398299755968040081-135.json", "cities": [{"cityName": "\u5883\u5916\u8f93\u5165", "currentConfirmedCount": 1, "confirmedCount": 68, "suspectedCount": 64, "curedCount": 67, "deadCount": 0, "locationId": 0}, {"cityName": "\u664b\u4e2d", "currentConfirmedCount": 0, "confirmedCount": 37, "suspectedCount": 0, "curedCount": 37, "deadCount": 0, "locationId": 140700}, {"cityName": "\u592a\u539f", "currentConfirmedCount": 0, "confirmedCount": 21, "suspectedCount": 0, "curedCount": 21, "deadCount": 0, "locationId": 140100}, {"cityName": "\u8fd0\u57ce", "currentConfirmedCount": 0, "confirmedCount": 19, "suspectedCount": 0, "curedCount": 19, "deadCount": 0, "locationId": 140800}, {"cityName": "\u5927\u540c", "currentConfirmedCount": 0, "confirmedCount": 12, "suspectedCount": 0, "curedCount": 12, "deadCount": 0, "locationId": 140200}, {"cityName": "\u664b\u57ce", "currentConfirmedCount": 0, "confirmedCount": 10, "suspectedCount": 0, "curedCount": 10, "deadCount": 0, "locationId": 140500}, {"cityName": "\u957f\u6cbb", "currentConfirmedCount": 0, "confirmedCount": 8, "suspectedCount": 0, "curedCount": 8, "deadCount": 0, "locationId": 140400}, {"cityName": "\u6714\u5dde", "currentConfirmedCount": 0, "confirmedCount": 8, "suspectedCount": 0, "curedCount": 8, "deadCount": 0, "locationId": 140600}, {"cityName": "\u5ffb\u5dde", "currentConfirmedCount": 0, "confirmedCount": 7, "suspectedCount": 0, "curedCount": 7, "deadCount": 0, "locationId": 140900}, {"cityName": "\u5415\u6881", "currentConfirmedCount": 0, "confirmedCount": 6, "suspectedCount": 0, "curedCount": 6, "deadCount": 0, "locationId": 141100}, {"cityName": "\u9633\u6cc9", "currentConfirmedCount": 0, "confirmedCount": 4, "suspectedCount": 0, "curedCount": 4, "deadCount": 0, "locationId": 140300}, {"cityName": "\u4e34\u6c7e", "currentConfirmedCount": 0, "confirmedCount": 2, "suspectedCount": 0, "curedCount": 2, "deadCount": 0, "locationId": 141000}]}, {"provinceName": "\u6cb3\u5357\u7701", "provinceShortName": "\u6cb3\u5357", "currentConfirmedCount": 0, "confirmedCount": 1276, "suspectedCount": 0, "curedCount": 1254, "deadCount": 22, "comment": "", "locationId": 410000, "statisticsData": "https://file1.dxycdn.com/2020/0223/958/3398299751673487456-135.json", "cities": [{"cityName": "\u4fe1\u9633", "currentConfirmedCount": 0, "confirmedCount": 274, "suspectedCount": 0, "curedCount": 272, "deadCount": 2, "locationId": 411500}, {"cityName": "\u90d1\u5dde", "currentConfirmedCount": 0, "confirmedCount": 157, "suspectedCount": 0, "curedCount": 152, "deadCount": 5, "locationId": 410100}, {"cityName": "\u5357\u9633", "currentConfirmedCount": 0, "confirmedCount": 156, "suspectedCount": 0, "curedCount": 153, "deadCount": 3, "locationId": 411300}, {"cityName": "\u9a7b\u9a6c\u5e97", "currentConfirmedCount": 0, "confirmedCount": 139, "suspectedCount": 0, "curedCount": 139, "deadCount": 0, "locationId": 411700}, {"cityName": "\u5546\u4e18", "currentConfirmedCount": 0, "confirmedCount": 91, "suspectedCount": 0, "curedCount": 88, "deadCount": 3, "locationId": 411400}, {"cityName": "\u5468\u53e3", "currentConfirmedCount": 0, "confirmedCount": 76, "suspectedCount": 0, "curedCount": 75, "deadCount": 1, "locationId": 411600}, {"cityName": "\u5e73\u9876\u5c71", "currentConfirmedCount": 0, "confirmedCount": 58, "suspectedCount": 0, "curedCount": 57, "deadCount": 1, "locationId": 410400}, {"cityName": "\u65b0\u4e61", "currentConfirmedCount": 0, "confirmedCount": 57, "suspectedCount": 0, "curedCount": 54, "deadCount": 3, "locationId": 410700}, {"cityName": "\u5b89\u9633", "currentConfirmedCount": 0, "confirmedCount": 53, "suspectedCount": 0, "curedCount": 53, "deadCount": 0, "locationId": 410500}, {"cityName": "\u8bb8\u660c", "currentConfirmedCount": 0, "confirmedCount": 39, "suspectedCount": 0, "curedCount": 38, "deadCount": 1, "locationId": 411000}, {"cityName": "\u6f2f\u6cb3", "currentConfirmedCount": 0, "confirmedCount": 36, "suspectedCount": 0, "curedCount": 36, "deadCount": 0, "locationId": 411100}, {"cityName": "\u7126\u4f5c", "currentConfirmedCount": 0, "confirmedCount": 32, "suspectedCount": 0, "curedCount": 31, "deadCount": 1, "locationId": 410800}, {"cityName": "\u6d1b\u9633", "currentConfirmedCount": 0, "confirmedCount": 31, "suspectedCount": 0, "curedCount": 30, "deadCount": 1, "locationId": 410300}, {"cityName": "\u5f00\u5c01", "currentConfirmedCount": 0, "confirmedCount": 26, "suspectedCount": 0, "curedCount": 26, "deadCount": 0, "locationId": 410200}, {"cityName": "\u9e64\u58c1", "currentConfirmedCount": 0, "confirmedCount": 19, "suspectedCount": 0, "curedCount": 19, "deadCount": 0, "locationId": 410600}, {"cityName": "\u6fee\u9633", "currentConfirmedCount": 0, "confirmedCount": 17, "suspectedCount": 0, "curedCount": 17, "deadCount": 0, "locationId": 410900}, {"cityName": "\u4e09\u95e8\u5ce1", "currentConfirmedCount": 0, "confirmedCount": 7, "suspectedCount": 0, "curedCount": 6, "deadCount": 1, "locationId": 411200}, {"cityName": "\u6d4e\u6e90", "currentConfirmedCount": 0, "confirmedCount": 5, "suspectedCount": 0, "curedCount": 5, "deadCount": 0, "locationId": 419001}, {"cityName": "\u5883\u5916\u8f93\u5165", "currentConfirmedCount": 0, "confirmedCount": 3, "suspectedCount": 0, "curedCount": 3, "deadCount": 0, "locationId": 0}]}, {"provinceName": "\u6e56\u5357\u7701", "provinceShortName": "\u6e56\u5357", "currentConfirmedCount": 0, "confirmedCount": 1019, "suspectedCount": 0, "curedCount": 1015, "deadCount": 4, "comment": "", "locationId": 430000, "statisticsData": "https://file1.dxycdn.com/2020/0223/440/3398299751673072079-135.json", "cities": [{"cityName": "\u957f\u6c99", "currentConfirmedCount": 0, "confirmedCount": 242, "suspectedCount": 0, "curedCount": 240, "deadCount": 2, "locationId": 430100}, {"cityName": "\u5cb3\u9633", "currentConfirmedCount": 0, "confirmedCount": 156, "suspectedCount": 0, "curedCount": 155, "deadCount": 1, "locationId": 430600}, {"cityName": "\u90b5\u9633", "currentConfirmedCount": 0, "confirmedCount": 102, "suspectedCount": 0, "curedCount": 101, "deadCount": 1, "locationId": 430500}, {"cityName": "\u5e38\u5fb7", "currentConfirmedCount": 0, "confirmedCount": 82, "suspectedCount": 0, "curedCount": 82, "deadCount": 0, "locationId": 430700}, {"cityName": "\u682a\u6d32", "currentConfirmedCount": 0, "confirmedCount": 80, "suspectedCount": 0, "curedCount": 80, "deadCount": 0, "locationId": 430200}, {"cityName": "\u5a04\u5e95", "currentConfirmedCount": 0, "confirmedCount": 76, "suspectedCount": 0, "curedCount": 76, "deadCount": 0, "locationId": 431300}, {"cityName": "\u76ca\u9633", "currentConfirmedCount": 0, "confirmedCount": 60, "suspectedCount": 0, "curedCount": 60, "deadCount": 0, "locationId": 430900}, {"cityName": "\u8861\u9633", "currentConfirmedCount": 0, "confirmedCount": 48, "suspectedCount": 0, "curedCount": 48, "deadCount": 0, "locationId": 430400}, {"cityName": "\u6c38\u5dde", "currentConfirmedCount": 0, "confirmedCount": 44, "suspectedCount": 0, "curedCount": 44, "deadCount": 0, "locationId": 431100}, {"cityName": "\u6000\u5316", "currentConfirmedCount": 0, "confirmedCount": 40, "suspectedCount": 0, "curedCount": 40, "deadCount": 0, "locationId": 431200}, {"cityName": "\u90f4\u5dde", "currentConfirmedCount": 0, "confirmedCount": 39, "suspectedCount": 0, "curedCount": 39, "deadCount": 0, "locationId": 431000}, {"cityName": "\u6e58\u6f6d", "currentConfirmedCount": 0, "confirmedCount": 36, "suspectedCount": 0, "curedCount": 36, "deadCount": 0, "locationId": 430300}, {"cityName": "\u6e58\u897f\u81ea\u6cbb\u5dde", "currentConfirmedCount": 0, "confirmedCount": 8, "suspectedCount": 0, "curedCount": 8, "deadCount": 0, "locationId": 433100}, {"cityName": "\u5f20\u5bb6\u754c", "currentConfirmedCount": 0, "confirmedCount": 5, "suspectedCount": 0, "curedCount": 5, "deadCount": 0, "locationId": 430800}, {"cityName": "\u5883\u5916\u8f93\u5165", "currentConfirmedCount": 0, "confirmedCount": 1, "suspectedCount": 0, "curedCount": 1, "deadCount": 0, "locationId": 0}]}, {"provinceName": "\u5b89\u5fbd\u7701", "provinceShortName": "\u5b89\u5fbd", "currentConfirmedCount": 0, "confirmedCount": 991, "suspectedCount": 0, "curedCount": 985, "deadCount": 6, "comment": "", "locationId": 340000, "statisticsData": "https://file1.dxycdn.com/2020/0223/734/3398299753820971301-135.json", "cities": [{"cityName": "\u5408\u80a5", "currentConfirmedCount": 0, "confirmedCount": 174, "suspectedCount": 0, "curedCount": 173, "deadCount": 1, "locationId": 340100}, {"cityName": "\u868c\u57e0", "currentConfirmedCount": 0, "confirmedCount": 160, "suspectedCount": 0, "curedCount": 155, "deadCount": 5, "locationId": 340300}, {"cityName": "\u961c\u9633", "currentConfirmedCount": 0, "confirmedCount": 155, "suspectedCount": 0, "curedCount": 155, "deadCount": 0, "locationId": 341200}, {"cityName": "\u4eb3\u5dde", "currentConfirmedCount": 0, "confirmedCount": 108, "suspectedCount": 0, "curedCount": 108, "deadCount": 0, "locationId": 341600}, {"cityName": "\u5b89\u5e86", "currentConfirmedCount": 0, "confirmedCount": 83, "suspectedCount": 0, "curedCount": 83, "deadCount": 0, "locationId": 340800}, {"cityName": "\u516d\u5b89", "currentConfirmedCount": 0, "confirmedCount": 69, "suspectedCount": 0, "curedCount": 69, "deadCount": 0, "locationId": 341500}, {"cityName": "\u5bbf\u5dde", "currentConfirmedCount": 0, "confirmedCount": 41, "suspectedCount": 0, "curedCount": 41, "deadCount": 0, "locationId": 341300}, {"cityName": "\u9a6c\u978d\u5c71", "currentConfirmedCount": 0, "confirmedCount": 38, "suspectedCount": 0, "curedCount": 38, "deadCount": 0, "locationId": 340500}, {"cityName": "\u829c\u6e56", "currentConfirmedCount": 0, "confirmedCount": 34, "suspectedCount": 0, "curedCount": 34, "deadCount": 0, "locationId": 340200}, {"cityName": "\u94dc\u9675", "currentConfirmedCount": 0, "confirmedCount": 29, "suspectedCount": 0, "curedCount": 29, "deadCount": 0, "locationId": 340700}, {"cityName": "\u6dee\u5317", "currentConfirmedCount": 0, "confirmedCount": 28, "suspectedCount": 0, "curedCount": 28, "deadCount": 0, "locationId": 340600}, {"cityName": "\u6dee\u5357", "currentConfirmedCount": 0, "confirmedCount": 27, "suspectedCount": 0, "curedCount": 27, "deadCount": 0, "locationId": 340400}, {"cityName": "\u6c60\u5dde", "currentConfirmedCount": 0, "confirmedCount": 17, "suspectedCount": 0, "curedCount": 17, "deadCount": 0, "locationId": 341700}, {"cityName": "\u6ec1\u5dde", "currentConfirmedCount": 0, "confirmedCount": 13, "suspectedCount": 0, "curedCount": 13, "deadCount": 0, "locationId": 341100}, {"cityName": "\u9ec4\u5c71", "currentConfirmedCount": 0, "confirmedCount": 9, "suspectedCount": 0, "curedCount": 9, "deadCount": 0, "locationId": 341000}, {"cityName": "\u5ba3\u57ce", "currentConfirmedCount": 0, "confirmedCount": 6, "suspectedCount": 0, "curedCount": 6, "deadCount": 0, "locationId": 341800}]}, {"provinceName": "\u5317\u4eac\u5e02", "provinceShortName": "\u5317\u4eac", "currentConfirmedCount": 0, "confirmedCount": 935, "suspectedCount": 164, "curedCount": 926, "deadCount": 9, "comment": "\u5317\u4eac\u536b\u5065\u59d4\u672a\u660e\u786e\u5927\u90e8\u5206\u6cbb\u6108\u4e0e\u6b7b\u4ea1\u75c5\u4f8b\u7684\u5206\u533a\u5f52\u5c5e\uff0c\u56e0\u6b64\u5317\u4eac\u5e02\u4e0b\u8f96\u5206\u533a\u7684\u73b0\u5b58\u786e\u8bca\u6682\u65e0\u6cd5\u83b7\u53d6\u3002", "locationId": 110000, "statisticsData": "https://file1.dxycdn.com/2020/0223/004/3398299758115524169-135.json", "cities": [{"cityName": "\u4e30\u53f0\u533a", "currentConfirmedCount": 266, "confirmedCount": 273, "suspectedCount": 0, "curedCount": 7, "deadCount": 0, "locationId": 110106}, {"cityName": "\u5927\u5174\u533a", "currentConfirmedCount": 88, "confirmedCount": 104, "suspectedCount": 0, "curedCount": 16, "deadCount": 0, "locationId": 110115}, {"cityName": "\u6d77\u6dc0\u533a", "currentConfirmedCount": 82, "confirmedCount": 82, "suspectedCount": 0, "curedCount": 0, "deadCount": 0, "locationId": 110108}, {"cityName": "\u671d\u9633\u533a", "currentConfirmedCount": 77, "confirmedCount": 77, "suspectedCount": 0, "curedCount": 0, "deadCount": 0, "locationId": 110105}, {"cityName": "\u897f\u57ce\u533a", "currentConfirmedCount": 59, "confirmedCount": 59, "suspectedCount": 0, "curedCount": 0, "deadCount": 0, "locationId": 110102}, {"cityName": "\u5916\u5730\u6765\u4eac", "currentConfirmedCount": 24, "confirmedCount": 26, "suspectedCount": 0, "curedCount": 2, "deadCount": 0, "locationId": 0}, {"cityName": "\u660c\u5e73\u533a", "currentConfirmedCount": 20, "confirmedCount": 30, "suspectedCount": 0, "curedCount": 10, "deadCount": 0, "locationId": 110114}, {"cityName": "\u901a\u5dde\u533a", "currentConfirmedCount": 19, "confirmedCount": 20, "suspectedCount": 0, "curedCount": 1, "deadCount": 0, "locationId": 110112}, {"cityName": "\u4e1c\u57ce\u533a", "currentConfirmedCount": 18, "confirmedCount": 19, "suspectedCount": 0, "curedCount": 1, "deadCount": 0, "locationId": 110101}, {"cityName": "\u623f\u5c71\u533a", "currentConfirmedCount": 17, "confirmedCount": 20, "suspectedCount": 0, "curedCount": 3, "deadCount": 0, "locationId": 110111}, {"cityName": "\u6000\u67d4\u533a", "currentConfirmedCount": 7, "confirmedCount": 7, "suspectedCount": 0, "curedCount": 0, "deadCount": 0, "locationId": 110116}, {"cityName": "\u5bc6\u4e91\u533a", "currentConfirmedCount": 7, "confirmedCount": 7, "suspectedCount": 0, "curedCount": 0, "deadCount": 0, "locationId": 110118}, {"cityName": "\u77f3\u666f\u5c71\u533a", "currentConfirmedCount": 6, "confirmedCount": 15, "suspectedCount": 0, "curedCount": 9, "deadCount": 0, "locationId": 110107}, {"cityName": "\u95e8\u5934\u6c9f\u533a", "currentConfirmedCount": 3, "confirmedCount": 5, "suspectedCount": 0, "curedCount": 2, "deadCount": 0, "locationId": 110109}, {"cityName": "\u5ef6\u5e86\u533a", "currentConfirmedCount": 1, "confirmedCount": 1, "suspectedCount": 0, "curedCount": 0, "deadCount": 0, "locationId": 110119}, {"cityName": "\u5883\u5916\u8f93\u5165", "currentConfirmedCount": 0, "confirmedCount": 176, "suspectedCount": 3, "curedCount": 176, "deadCount": 0, "locationId": 0}, {"cityName": "\u987a\u4e49\u533a", "currentConfirmedCount": 0, "confirmedCount": 10, "suspectedCount": 0, "curedCount": 10, "deadCount": 0, "locationId": 110113}, {"cityName": "\u5f85\u660e\u786e\u5730\u533a", "currentConfirmedCount": -694, "confirmedCount": 4, "suspectedCount": 0, "curedCount": 689, "deadCount": 9, "locationId": 0}]}, {"provinceName": "\u91cd\u5e86\u5e02", "provinceShortName": "\u91cd\u5e86", "currentConfirmedCount": 0, "confirmedCount": 583, "suspectedCount": 1, "curedCount": 577, "deadCount": 6, "comment": "", "locationId": 500000, "statisticsData": "https://file1.dxycdn.com/2020/0223/368/3398299751673487486-135.json", "cities": [{"cityName": "\u4e07\u5dde\u533a", "currentConfirmedCount": 0, "confirmedCount": 118, "suspectedCount": 0, "curedCount": 114, "deadCount": 4, "locationId": 500101}, {"cityName": "\u6c5f\u5317\u533a", "currentConfirmedCount": 0, "confirmedCount": 28, "suspectedCount": 0, "curedCount": 28, "deadCount": 0, "locationId": 500105}, {"cityName": "\u4e91\u9633\u53bf", "currentConfirmedCount": 0, "confirmedCount": 25, "suspectedCount": 0, "curedCount": 25, "deadCount": 0, "locationId": 500235}, {"cityName": "\u5408\u5ddd\u533a", "currentConfirmedCount": 0, "confirmedCount": 23, "suspectedCount": 0, "curedCount": 23, "deadCount": 0, "locationId": 500117}, {"cityName": "\u7da6\u6c5f\u533a", "currentConfirmedCount": 0, "confirmedCount": 23, "suspectedCount": 0, "curedCount": 23, "deadCount": 0, "locationId": 500110}, {"cityName": "\u957f\u5bff\u533a", "currentConfirmedCount": 0, "confirmedCount": 22, "suspectedCount": 0, "curedCount": 22, "deadCount": 0, "locationId": 500115}, {"cityName": "\u5949\u8282\u53bf", "currentConfirmedCount": 0, "confirmedCount": 22, "suspectedCount": 0, "curedCount": 22, "deadCount": 0, "locationId": 500236}, {"cityName": "\u4e5d\u9f99\u5761\u533a", "currentConfirmedCount": 0, "confirmedCount": 21, "suspectedCount": 0, "curedCount": 20, "deadCount": 1, "locationId": 500107}, {"cityName": "\u5f00\u5dde\u533a", "currentConfirmedCount": 0, "confirmedCount": 21, "suspectedCount": 0, "curedCount": 20, "deadCount": 1, "locationId": 500154}, {"cityName": "\u5fe0\u53bf", "currentConfirmedCount": 0, "confirmedCount": 21, "suspectedCount": 0, "curedCount": 21, "deadCount": 0, "locationId": 500233}, {"cityName": "\u6e1d\u4e2d\u533a", "currentConfirmedCount": 0, "confirmedCount": 20, "suspectedCount": 0, "curedCount": 20, "deadCount": 0, "locationId": 500103}, {"cityName": "\u57ab\u6c5f\u53bf", "currentConfirmedCount": 0, "confirmedCount": 20, "suspectedCount": 0, "curedCount": 20, "deadCount": 0, "locationId": 500231}, {"cityName": "\u6f7c\u5357\u533a", "currentConfirmedCount": 0, "confirmedCount": 18, "suspectedCount": 0, "curedCount": 18, "deadCount": 0, "locationId": 500152}, {"cityName": "\u6e1d\u5317\u533a", "currentConfirmedCount": 0, "confirmedCount": 17, "suspectedCount": 0, "curedCount": 17, "deadCount": 0, "locationId": 500112}, {"cityName": "\u4e24\u6c5f\u65b0\u533a", "currentConfirmedCount": 0, "confirmedCount": 17, "suspectedCount": 0, "curedCount": 17, "deadCount": 0, "locationId": -1}, {"cityName": "\u5357\u5cb8\u533a", "currentConfirmedCount": 0, "confirmedCount": 15, "suspectedCount": 0, "curedCount": 15, "deadCount": 0, "locationId": 500108}, {"cityName": "\u77f3\u67f1\u53bf", "currentConfirmedCount": 0, "confirmedCount": 15, "suspectedCount": 0, "curedCount": 15, "deadCount": 0, "locationId": 500240}, {"cityName": "\u5927\u8db3\u533a", "currentConfirmedCount": 0, "confirmedCount": 14, "suspectedCount": 0, "curedCount": 14, "deadCount": 0, "locationId": 500111}, {"cityName": "\u5deb\u6eaa\u53bf", "currentConfirmedCount": 0, "confirmedCount": 14, "suspectedCount": 0, "curedCount": 14, "deadCount": 0, "locationId": 500238}, {"cityName": "\u94dc\u6881\u533a", "currentConfirmedCount": 0, "confirmedCount": 10, "suspectedCount": 0, "curedCount": 10, "deadCount": 0, "locationId": 500151}, {"cityName": "\u4e30\u90fd\u53bf", "currentConfirmedCount": 0, "confirmedCount": 10, "suspectedCount": 0, "curedCount": 10, "deadCount": 0, "locationId": 500230}, {"cityName": "\u5deb\u5c71\u53bf", "currentConfirmedCount": 0, "confirmedCount": 10, "suspectedCount": 0, "curedCount": 10, "deadCount": 0, "locationId": 500237}, {"cityName": "\u6c99\u576a\u575d\u533a", "currentConfirmedCount": 0, "confirmedCount": 9, "suspectedCount": 0, "curedCount": 9, "deadCount": 0, "locationId": 500106}, {"cityName": "\u74a7\u5c71\u533a", "currentConfirmedCount": 0, "confirmedCount": 9, "suspectedCount": 0, "curedCount": 9, "deadCount": 0, "locationId": 500120}, {"cityName": "\u8363\u660c\u533a", "currentConfirmedCount": 0, "confirmedCount": 9, "suspectedCount": 0, "curedCount": 9, "deadCount": 0, "locationId": 500153}, {"cityName": "\u5927\u6e21\u53e3\u533a", "currentConfirmedCount": 0, "confirmedCount": 7, "suspectedCount": 0, "curedCount": 7, "deadCount": 0, "locationId": 500104}, {"cityName": "\u5883\u5916\u8f93\u5165", "currentConfirmedCount": 0, "confirmedCount": 7, "suspectedCount": 0, "curedCount": 7, "deadCount": 0, "locationId": 0}, {"cityName": "\u5df4\u5357\u533a", "currentConfirmedCount": 0, "confirmedCount": 6, "suspectedCount": 0, "curedCount": 6, "deadCount": 0, "locationId": 500113}, {"cityName": "\u6daa\u9675\u533a", "currentConfirmedCount": 0, "confirmedCount": 5, "suspectedCount": 0, "curedCount": 5, "deadCount": 0, "locationId": 500102}, {"cityName": "\u6c38\u5ddd\u533a", "currentConfirmedCount": 0, "confirmedCount": 5, "suspectedCount": 0, "curedCount": 5, "deadCount": 0, "locationId": 500118}, {"cityName": "\u6c5f\u6d25\u533a", "currentConfirmedCount": 0, "confirmedCount": 4, "suspectedCount": 0, "curedCount": 4, "deadCount": 0, "locationId": 500116}, {"cityName": "\u6881\u5e73\u533a", "currentConfirmedCount": 0, "confirmedCount": 4, "suspectedCount": 0, "curedCount": 4, "deadCount": 0, "locationId": 500155}, {"cityName": "\u9ad8\u65b0\u533a", "currentConfirmedCount": 0, "confirmedCount": 4, "suspectedCount": 0, "curedCount": 4, "deadCount": 0, "locationId": 0}, {"cityName": "\u9ed4\u6c5f\u533a", "currentConfirmedCount": 0, "confirmedCount": 2, "suspectedCount": 0, "curedCount": 2, "deadCount": 0, "locationId": 500114}, {"cityName": "\u57ce\u53e3\u53bf", "currentConfirmedCount": 0, "confirmedCount": 2, "suspectedCount": 0, "curedCount": 2, "deadCount": 0, "locationId": 500229}, {"cityName": "\u5f6d\u6c34\u53bf", "currentConfirmedCount": 0, "confirmedCount": 2, "suspectedCount": 0, "curedCount": 2, "deadCount": 0, "locationId": 500243}, {"cityName": "\u6b66\u9686\u533a", "currentConfirmedCount": 0, "confirmedCount": 1, "suspectedCount": 0, "curedCount": 1, "deadCount": 0, "locationId": 500156}, {"cityName": "\u79c0\u5c71\u53bf", "currentConfirmedCount": 0, "confirmedCount": 1, "suspectedCount": 0, "curedCount": 1, "deadCount": 0, "locationId": 500241}, {"cityName": "\u9149\u9633\u53bf", "currentConfirmedCount": 0, "confirmedCount": 1, "suspectedCount": 0, "curedCount": 1, "deadCount": 0, "locationId": 0}, {"cityName": "\u4e07\u76db\u7ecf\u5f00\u533a", "currentConfirmedCount": 0, "confirmedCount": 1, "suspectedCount": 0, "curedCount": 1, "deadCount": 0, "locationId": 0}]}, {"provinceName": "\u5e7f\u897f\u58ee\u65cf\u81ea\u6cbb\u533a", "provinceShortName": "\u5e7f\u897f", "currentConfirmedCount": 0, "confirmedCount": 255, "suspectedCount": 0, "curedCount": 253, "deadCount": 2, "comment": "", "locationId": 450000, "statisticsData": "https://file1.dxycdn.com/2020/0223/536/3398299758115523880-135.json", "cities": [{"cityName": "\u5357\u5b81", "currentConfirmedCount": 0, "confirmedCount": 55, "suspectedCount": 0, "curedCount": 55, "deadCount": 0, "locationId": 450100}, {"cityName": "\u5317\u6d77", "currentConfirmedCount": 0, "confirmedCount": 44, "suspectedCount": 0, "curedCount": 43, "deadCount": 1, "locationId": 450500}, {"cityName": "\u6842\u6797", "currentConfirmedCount": 0, "confirmedCount": 32, "suspectedCount": 0, "curedCount": 32, "deadCount": 0, "locationId": 450300}, {"cityName": "\u6cb3\u6c60", "currentConfirmedCount": 0, "confirmedCount": 28, "suspectedCount": 0, "curedCount": 27, "deadCount": 1, "locationId": 451200}, {"cityName": "\u67f3\u5dde", "currentConfirmedCount": 0, "confirmedCount": 24, "suspectedCount": 0, "curedCount": 24, "deadCount": 0, "locationId": 450200}, {"cityName": "\u9632\u57ce\u6e2f", "currentConfirmedCount": 0, "confirmedCount": 19, "suspectedCount": 0, "curedCount": 19, "deadCount": 0, "locationId": 450600}, {"cityName": "\u7389\u6797", "currentConfirmedCount": 0, "confirmedCount": 11, "suspectedCount": 0, "curedCount": 11, "deadCount": 0, "locationId": 450900}, {"cityName": "\u6765\u5bbe", "currentConfirmedCount": 0, "confirmedCount": 11, "suspectedCount": 0, "curedCount": 11, "deadCount": 0, "locationId": 451300}, {"cityName": "\u94a6\u5dde", "currentConfirmedCount": 0, "confirmedCount": 8, "suspectedCount": 0, "curedCount": 8, "deadCount": 0, "locationId": 450700}, {"cityName": "\u8d35\u6e2f", "currentConfirmedCount": 0, "confirmedCount": 8, "suspectedCount": 0, "curedCount": 8, "deadCount": 0, "locationId": 450800}, {"cityName": "\u68a7\u5dde", "currentConfirmedCount": 0, "confirmedCount": 5, "suspectedCount": 0, "curedCount": 5, "deadCount": 0, "locationId": 450400}, {"cityName": "\u8d3a\u5dde", "currentConfirmedCount": 0, "confirmedCount": 4, "suspectedCount": 0, "curedCount": 4, "deadCount": 0, "locationId": 451100}, {"cityName": "\u767e\u8272", "currentConfirmedCount": 0, "confirmedCount": 3, "suspectedCount": 0, "curedCount": 3, "deadCount": 0, "locationId": 451000}, {"cityName": "\u5883\u5916\u8f93\u5165", "currentConfirmedCount": 0, "confirmedCount": 3, "suspectedCount": 0, "curedCount": 3, "deadCount": 0, "locationId": 0}]}, {"provinceName": "\u6d77\u5357\u7701", "provinceShortName": "\u6d77\u5357", "currentConfirmedCount": 0, "confirmedCount": 171, "suspectedCount": 0, "curedCount": 165, "deadCount": 6, "comment": "", "locationId": 460000, "statisticsData": "https://file1.dxycdn.com/2020/0223/126/3398299753820555862-135.json", "cities": [{"cityName": "\u4e09\u4e9a", "currentConfirmedCount": 0, "confirmedCount": 57, "suspectedCount": 0, "curedCount": 56, "deadCount": 1, "locationId": 460200}, {"cityName": "\u6d77\u53e3", "currentConfirmedCount": 0, "confirmedCount": 39, "suspectedCount": 0, "curedCount": 39, "deadCount": 0, "locationId": 460100}, {"cityName": "\u510b\u5dde", "currentConfirmedCount": 0, "confirmedCount": 15, "suspectedCount": 0, "curedCount": 14, "deadCount": 1, "locationId": 460400}, {"cityName": "\u4e07\u5b81", "currentConfirmedCount": 0, "confirmedCount": 13, "suspectedCount": 0, "curedCount": 13, "deadCount": 0, "locationId": 469006}, {"cityName": "\u6f84\u8fc8", "currentConfirmedCount": 0, "confirmedCount": 9, "suspectedCount": 0, "curedCount": 8, "deadCount": 1, "locationId": 469023}, {"cityName": "\u660c\u6c5f", "currentConfirmedCount": 0, "confirmedCount": 7, "suspectedCount": 0, "curedCount": 7, "deadCount": 0, "locationId": 469026}, {"cityName": "\u743c\u6d77", "currentConfirmedCount": 0, "confirmedCount": 6, "suspectedCount": 0, "curedCount": 5, "deadCount": 1, "locationId": 469002}, {"cityName": "\u4e34\u9ad8", "currentConfirmedCount": 0, "confirmedCount": 6, "suspectedCount": 0, "curedCount": 6, "deadCount": 0, "locationId": 469024}, {"cityName": "\u9675\u6c34", "currentConfirmedCount": 0, "confirmedCount": 4, "suspectedCount": 0, "curedCount": 4, "deadCount": 0, "locationId": 469028}, {"cityName": "\u5b9a\u5b89", "currentConfirmedCount": 0, "confirmedCount": 3, "suspectedCount": 0, "curedCount": 2, "deadCount": 1, "locationId": 469021}, {"cityName": "\u6587\u660c", "currentConfirmedCount": 0, "confirmedCount": 3, "suspectedCount": 0, "curedCount": 3, "deadCount": 0, "locationId": 469005}, {"cityName": "\u4e1c\u65b9", "currentConfirmedCount": 0, "confirmedCount": 3, "suspectedCount": 0, "curedCount": 2, "deadCount": 1, "locationId": 469007}, {"cityName": "\u4fdd\u4ead", "currentConfirmedCount": 0, "confirmedCount": 3, "suspectedCount": 0, "curedCount": 3, "deadCount": 0, "locationId": 469029}, {"cityName": "\u4e50\u4e1c", "currentConfirmedCount": 0, "confirmedCount": 2, "suspectedCount": 0, "curedCount": 2, "deadCount": 0, "locationId": 469027}, {"cityName": "\u743c\u4e2d", "currentConfirmedCount": 0, "confirmedCount": 1, "suspectedCount": 0, "curedCount": 1, "deadCount": 0, "locationId": 469030}]}, {"provinceName": "\u7518\u8083\u7701", "provinceShortName": "\u7518\u8083", "currentConfirmedCount": 0, "confirmedCount": 169, "suspectedCount": 0, "curedCount": 167, "deadCount": 2, "comment": "", "locationId": 620000, "statisticsData": "https://file1.dxycdn.com/2020/0223/559/3398299755968040166-135.json", "cities": [{"cityName": "\u5883\u5916\u8f93\u5165", "currentConfirmedCount": 0, "confirmedCount": 77, "suspectedCount": 0, "curedCount": 77, "deadCount": 0, "locationId": 0}, {"cityName": "\u5170\u5dde", "currentConfirmedCount": 0, "confirmedCount": 36, "suspectedCount": 0, "curedCount": 34, "deadCount": 2, "locationId": 620100}, {"cityName": "\u5929\u6c34", "currentConfirmedCount": 0, "confirmedCount": 12, "suspectedCount": 0, "curedCount": 12, "deadCount": 0, "locationId": 620500}, {"cityName": "\u5e73\u51c9", "currentConfirmedCount": 0, "confirmedCount": 9, "suspectedCount": 0, "curedCount": 9, "deadCount": 0, "locationId": 620800}, {"cityName": "\u5b9a\u897f", "currentConfirmedCount": 0, "confirmedCount": 9, "suspectedCount": 0, "curedCount": 9, "deadCount": 0, "locationId": 621100}, {"cityName": "\u7518\u5357", "currentConfirmedCount": 0, "confirmedCount": 8, "suspectedCount": 0, "curedCount": 8, "deadCount": 0, "locationId": 623000}, {"cityName": "\u767d\u94f6", "currentConfirmedCount": 0, "confirmedCount": 4, "suspectedCount": 0, "curedCount": 4, "deadCount": 0, "locationId": 620400}, {"cityName": "\u9647\u5357", "currentConfirmedCount": 0, "confirmedCount": 4, "suspectedCount": 0, "curedCount": 4, "deadCount": 0, "locationId": 621200}, {"cityName": "\u5e86\u9633", "currentConfirmedCount": 0, "confirmedCount": 3, "suspectedCount": 0, "curedCount": 3, "deadCount": 0, "locationId": 621000}, {"cityName": "\u4e34\u590f", "currentConfirmedCount": 0, "confirmedCount": 3, "suspectedCount": 0, "curedCount": 3, "deadCount": 0, "locationId": 622900}, {"cityName": "\u5f20\u6396", "currentConfirmedCount": 0, "confirmedCount": 2, "suspectedCount": 0, "curedCount": 2, "deadCount": 0, "locationId": 620700}, {"cityName": "\u91d1\u660c", "currentConfirmedCount": 0, "confirmedCount": 1, "suspectedCount": 0, "curedCount": 1, "deadCount": 0, "locationId": 620300}, {"cityName": "\u7701\u7ea7\uff08\u6e56\u5317\u8f93\u5165\uff09", "currentConfirmedCount": 0, "confirmedCount": 1, "suspectedCount": 0, "curedCount": 1, "deadCount": 0, "locationId": 0}]}, {"provinceName": "\u5409\u6797\u7701", "provinceShortName": "\u5409\u6797", "currentConfirmedCount": 0, "confirmedCount": 157, "suspectedCount": 19, "curedCount": 155, "deadCount": 2, "comment": "", "locationId": 220000, "statisticsData": "https://file1.dxycdn.com/2020/0223/046/3398299755968039975-135.json", "cities": [{"cityName": "\u5409\u6797\u5e02", "currentConfirmedCount": 0, "confirmedCount": 60, "suspectedCount": 12, "curedCount": 59, "deadCount": 1, "locationId": 220200}, {"cityName": "\u957f\u6625", "currentConfirmedCount": 0, "confirmedCount": 49, "suspectedCount": 1, "curedCount": 49, "deadCount": 0, "locationId": 220100}, {"cityName": "\u56db\u5e73\u5e02", "currentConfirmedCount": 0, "confirmedCount": 17, "suspectedCount": 0, "curedCount": 16, "deadCount": 1, "locationId": 220300}, {"cityName": "\u8fbd\u6e90", "currentConfirmedCount": 0, "confirmedCount": 7, "suspectedCount": 0, "curedCount": 7, "deadCount": 0, "locationId": 220400}, {"cityName": "\u5ef6\u8fb9", "currentConfirmedCount": 0, "confirmedCount": 7, "suspectedCount": 1, "curedCount": 7, "deadCount": 0, "locationId": 222400}, {"cityName": "\u516c\u4e3b\u5cad", "currentConfirmedCount": 0, "confirmedCount": 6, "suspectedCount": 0, "curedCount": 6, "deadCount": 0, "locationId": 220381}, {"cityName": "\u901a\u5316", "currentConfirmedCount": 0, "confirmedCount": 6, "suspectedCount": 0, "curedCount": 6, "deadCount": 0, "locationId": 220500}, {"cityName": "\u677e\u539f", "currentConfirmedCount": 0, "confirmedCount": 2, "suspectedCount": 0, "curedCount": 2, "deadCount": 0, "locationId": 220700}, {"cityName": "\u6885\u6cb3\u53e3", "currentConfirmedCount": 0, "confirmedCount": 2, "suspectedCount": 0, "curedCount": 2, "deadCount": 0, "locationId": 220581}, {"cityName": "\u767d\u57ce", "currentConfirmedCount": 0, "confirmedCount": 1, "suspectedCount": 0, "curedCount": 1, "deadCount": 0, "locationId": 220800}]}, {"provinceName": "\u8d35\u5dde\u7701", "provinceShortName": "\u8d35\u5dde", "currentConfirmedCount": 0, "confirmedCount": 147, "suspectedCount": 0, "curedCount": 145, "deadCount": 2, "comment": "3 \u6708 17 \u65e5\u8d35\u9633\u5e02\u65b0\u589e 1 \u4f8b\u5883\u5916\u8f93\u5165\u65e0\u75c7\u72b6\u611f\u67d3\u8005", "locationId": 520000, "statisticsData": "https://file1.dxycdn.com/2020/0223/148/3398299753820971243-135.json", "cities": [{"cityName": "\u8d35\u9633", "currentConfirmedCount": 0, "confirmedCount": 36, "suspectedCount": 0, "curedCount": 35, "deadCount": 1, "locationId": 520100}, {"cityName": "\u9075\u4e49", "currentConfirmedCount": 0, "confirmedCount": 32, "suspectedCount": 0, "curedCount": 32, "deadCount": 0, "locationId": 520300}, {"cityName": "\u6bd5\u8282", "currentConfirmedCount": 0, "confirmedCount": 23, "suspectedCount": 0, "curedCount": 23, "deadCount": 0, "locationId": 520500}, {"cityName": "\u9ed4\u5357\u5dde", "currentConfirmedCount": 0, "confirmedCount": 17, "suspectedCount": 0, "curedCount": 17, "deadCount": 0, "locationId": 522700}, {"cityName": "\u516d\u76d8\u6c34", "currentConfirmedCount": 0, "confirmedCount": 10, "suspectedCount": 0, "curedCount": 9, "deadCount": 1, "locationId": 520200}, {"cityName": "\u94dc\u4ec1", "currentConfirmedCount": 0, "confirmedCount": 10, "suspectedCount": 0, "curedCount": 10, "deadCount": 0, "locationId": 520600}, {"cityName": "\u9ed4\u4e1c\u5357\u5dde", "currentConfirmedCount": 0, "confirmedCount": 10, "suspectedCount": 0, "curedCount": 10, "deadCount": 0, "locationId": 522600}, {"cityName": "\u5b89\u987a", "currentConfirmedCount": 0, "confirmedCount": 4, "suspectedCount": 0, "curedCount": 4, "deadCount": 0, "locationId": 520400}, {"cityName": "\u9ed4\u897f\u5357\u5dde", "currentConfirmedCount": 0, "confirmedCount": 4, "suspectedCount": 0, "curedCount": 4, "deadCount": 0, "locationId": 522300}, {"cityName": "\u5883\u5916\u8f93\u5165", "currentConfirmedCount": 0, "confirmedCount": 1, "suspectedCount": 0, "curedCount": 1, "deadCount": 0, "locationId": 0}]}, {"provinceName": "\u5b81\u590f\u56de\u65cf\u81ea\u6cbb\u533a", "provinceShortName": "\u5b81\u590f", "currentConfirmedCount": 0, "confirmedCount": 75, "suspectedCount": 0, "curedCount": 75, "deadCount": 0, "comment": "", "locationId": 640000, "statisticsData": "https://file1.dxycdn.com/2020/0223/353/3398299755968455019-135.json", "cities": [{"cityName": "\u94f6\u5ddd", "currentConfirmedCount": 0, "confirmedCount": 36, "suspectedCount": 0, "curedCount": 36, "deadCount": 0, "locationId": 640100}, {"cityName": "\u5434\u5fe0", "currentConfirmedCount": 0, "confirmedCount": 28, "suspectedCount": 0, "curedCount": 28, "deadCount": 0, "locationId": 640300}, {"cityName": "\u56fa\u539f", "currentConfirmedCount": 0, "confirmedCount": 5, "suspectedCount": 0, "curedCount": 5, "deadCount": 0, "locationId": 640400}, {"cityName": "\u4e2d\u536b", "currentConfirmedCount": 0, "confirmedCount": 4, "suspectedCount": 0, "curedCount": 4, "deadCount": 0, "locationId": 640500}, {"cityName": "\u5b81\u4e1c", "currentConfirmedCount": 0, "confirmedCount": 1, "suspectedCount": 0, "curedCount": 1, "deadCount": 0, "locationId": 0}, {"cityName": "\u77f3\u5634\u5c71", "currentConfirmedCount": 0, "confirmedCount": 1, "suspectedCount": 0, "curedCount": 1, "deadCount": 0, "locationId": 640200}]}, {"provinceName": "\u6fb3\u95e8", "provinceShortName": "\u6fb3\u95e8", "currentConfirmedCount": 0, "confirmedCount": 46, "suspectedCount": 9, "curedCount": 46, "deadCount": 0, "comment": "\u786e\u8bca\u75c5\u4f8b\u4e2d\u542b9\u4f8b\u5883\u5916\u8f93\u5165\u75c5\u4f8b", "locationId": 820000, "statisticsData": "https://file1.dxycdn.com/2020/0223/840/3398299753820971267-135.json", "cities": []}, {"provinceName": "\u9752\u6d77\u7701", "provinceShortName": "\u9752\u6d77", "currentConfirmedCount": 0, "confirmedCount": 18, "suspectedCount": 0, "curedCount": 18, "deadCount": 0, "comment": "", "locationId": 630000, "statisticsData": "https://file1.dxycdn.com/2020/0223/581/3398299758115524121-135.json", "cities": [{"cityName": "\u897f\u5b81", "currentConfirmedCount": 0, "confirmedCount": 15, "suspectedCount": 0, "curedCount": 15, "deadCount": 0, "locationId": 630100}, {"cityName": "\u6d77\u5317\u5dde", "currentConfirmedCount": 0, "confirmedCount": 3, "suspectedCount": 0, "curedCount": 3, "deadCount": 0, "locationId": 632200}]}, {"provinceName": "\u897f\u85cf\u81ea\u6cbb\u533a", "provinceShortName": "\u897f\u85cf", "currentConfirmedCount": 0, "confirmedCount": 1, "suspectedCount": 0, "curedCount": 1, "deadCount": 0, "comment": "", "locationId": 540000, "statisticsData": "https://file1.dxycdn.com/2020/0223/353/3398299755968039885-135.json", "cities": [{"cityName": "\u62c9\u8428", "currentConfirmedCount": 0, "confirmedCount": 1, "suspectedCount": 0, "curedCount": 1, "deadCount": 0, "locationId": 540100}]}]